text,label
"Budget to set scene for election
 
 Gordon Brown will seek to put the economy at the centre of Labour's bid for a third term in power when he delivers his ninth Budget at 1230 GMT. He is expected to stress the importance of continued economic stability, with low unemployment and interest rates. The chancellor is expected to freeze petrol duty and raise the stamp duty threshold from Â£60,000. But the Conservatives and Lib Dems insist voters face higher taxes and more means-testing under Labour.
 
 Treasury officials have said there will not be a pre-election giveaway, but Mr Brown is thought to have about Â£2bn to spare.
 
 - Increase in the stamp duty threshold from Â£60,000 
  - A freeze on petrol duty 
  - An extension of tax credit scheme for poorer families 
  - Possible help for pensioners The stamp duty threshold rise is intended to help first time buyers - a likely theme of all three of the main parties' general election manifestos. Ten years ago, buyers had a much greater chance of avoiding stamp duty, with close to half a million properties, in England and Wales alone, selling for less than Â£60,000. Since then, average UK property prices have more than doubled while the starting threshold for stamp duty has not increased. Tax credits As a result, the number of properties incurring stamp duty has rocketed as has the government's tax take. The Liberal Democrats unveiled their own proposals to raise the stamp duty threshold to Â£150,000 in February.
 
 The Tories are also thought likely to propose increased thresholds, with shadow chancellor Oliver Letwin branding stamp duty a ""classic Labour stealth tax"". The Tories say whatever the chancellor gives away will be clawed back in higher taxes if Labour is returned to power. Shadow Treasury chief secretary George Osborne said: ""Everyone who looks at the British economy at the moment says there has been a sharp deterioration in the public finances, that there is a black hole,"" he said. ""If Labour is elected there will be a very substantial tax increase in the Budget after the election, of the order of around Â£10bn.""
 
 But Mr Brown's former advisor Ed Balls, now a parliamentary hopeful, said an examination of Tory plans for the economy showed there would be a Â£35bn difference in investment by the end of the next parliament between the two main parties. He added: ""I don't accept there is any need for any changes to the plans we have set out to meet our spending commitments.""
 
 For the Lib Dems David Laws said: ""The chancellor will no doubt tell us today how wonderfully the economy is doing,"" he said. ""But a lot of that is built on an increase in personal and consumer debt over the last few years - that makes the economy quite vulnerable potentially if interest rates ever do have to go up in a significant way."" SNP leader Alex Salmond said his party would introduce a Â£2,000 grant for first time buyers, reduce corporation tax and introduce a citizens pension free from means testing. Plaid Cymru's economics spokesman Adam Price said he wanted help to get people on the housing ladder and an increase in the minimum wage to Â£5.60 an hour.
",politics
"Army chiefs in regiments decision
 
 Military chiefs are expected to meet to make a final decision on the future of Scotland's Army regiments.
 
 A committee of the Army Board, which is made up of the most senior defence figures, will discuss plans for restructuring regiments on Monday. The proposals include cutting Scotland's six single-battalion regiments to five and merging these into a super regiment. The plans have faced stiff opposition from campaigners and politicians alike. The committee's decision must be ratified by Defence Secretary Geoff Hoon and Prime Minister Tony Blair. It is expected that it will be made public next week. When ministers announced a reorganisation of the Army it drew a question mark over the futures of the Black Watch, the Kings Own Scottish Borderers, the Royal Scots, the Royal Highland Fusiliers and the Argyll and Sutherland Highlanders. In October, the Council of Scottish Colonels proposed the merger of the Royal Scots and the King's Own Scottish Borderers into a single battalion.
 
 Under their vision, it would be one of five in the new super regiment. The proposals to either merge or amalgamate the six regiments into a super regiment sparked a political outcry, with Labour backbenchers and opposition politicians opposing the plan. They felt the timing was insensitive because the Black Watch was in the frontline in Iraq, suffering casualties. The Save the Scottish Regiments campaigners were so angered they threatened to stand against Labour at the next general election.
 
 Speaking ahead of the expected Army Board meeting, a spokesman said: ""The government and the Army Board have spent the past four months attempting to trick serving soldiers and the public into thinking their planned changes for the Scottish regiments are for the good of the Army and for that of the serving soldier. ""They are very much not for the good and will destroy Scotland's regiments by moulding them into a single super regiment which will lead to severe recruitment problems, a loss of local connections to those regiments and a loss to Scotland of an important part of her heritage and, most importantly, her future - the regiments are the envy of armies around the world."" An alternative blueprint had been put forward by Labour MP Eric Joyce, who proposed going ahead with the merger while preserving the other regiments. For a brief time, there was speculation the prime minister might consider the plan, but that now seems unlikely. Speaking in Scotland last week, Mr Blair said the aim was to preserve tradition but introduce a more effective structure and hinted that a super regiment was likely. He said: ""They don't want to get rid of the history or the traditions of the regiment or the local connections - far from it, all they want to do is make sure they can transfer people easily across regiments and deploy them more flexibly."" The prime minister said he hoped campaigners' concerns would be taken into account but the need for effective change had to be paramount.
",politics
"Howard denies split over ID cards
 
 Michael Howard has denied his shadow cabinet was split over its decision to back controversial Labour plans to introduce ID cards.
 
 The Tory leader said his front bench team had reached a ""collective view"" after holding a ""good discussion"", but admitted it was ""not an easy issue"". He had decided to support the plans as the police said they would help fight terror, crime and illegal immigration. The Lib Dems have pledged to oppose the bill when it is debated next Monday.
 
 Tory sources say senior party figures had argued vociferously against the ID card scheme. Among those reported to have serious reservations over the strategy were senior shadow cabinet members David Davis, Oliver Letwin and Tim Yeo. But Mr Howard denied Mr Yeo, his transport and environment spokesman, said the plans ""stink"". He also said he was confident shadow home secretary Mr Davis would ""set out the position very clearly"" when he stands up to debate the matter next week. Mr Howard said the police had said ID cards could ""help them foil a terror bomb plot in which people could lose their lives"". He added: ""When the police say that you have to take them seriously"".
 
 He acknowledged there were ""good libertarian arguments"" against the cards, but said the shadow Cabinet had weighed up all the ""conflicting interests"" before reaching its decision. ""I don't pretend that it is an easy decision but at the end of the day a decision has to be taken."" He also denied he was afraid of looking ""soft"" on the issue, compared to Labour. The Conservatives announced their support for the government plans on Monday evening.
 
 Sources within the party told the BBC Mr Howard had always been in favour of ID cards, and tried to introduce them when he was Home Secretary. But the Tories insisted they would hold ministers to account over the precise purpose of the scheme.
 
 They said they would also press Labour over whether objectives could be met and whether the Home Office would be able to deliver them. And they pledged to assess the cost effectiveness of ID cards and whether people's privacy would be properly protected. ""It is important to remember that this bill will take a decade to come into full effect,"" a spokesman said. Lib Dem home affairs spokesman Mark Oaten has branded the ID scheme a waste of money and ""deeply flawed"". He said: ""This has all the signs of Michael Howard overruling colleagues' concerns over ID cards.""
 
 The chairman of the Bar Council, Guy Mansfield QC warned there was a real risk that people on the ""margins of society"" would be driven into the hands of extremists. ""What is going to happen to young Asian men when there has been a bomb gone off somewhere? They are going to be stopped. If they haven't [ID cards] they are going to be detained."" Tory ex-minister Douglas Hogg said he opposed the plans for ID cards branding them a ""regressive"" step which would intrude into the lives of ordinary citizens without any counterbalancing benefits. He predicted ultimately carrying the cards would become compulsory and that would lead to large numbers of Britain's ethnic minorities being stopped by police.
",politics
"Observers to monitor UK election
 
 Ministers will invite international observers to check the forthcoming UK general election is fairly run.
 
 The move comes amid claims the poll could be marred by electoral fraud. A report by two MPs committees called on Thursday for urgent changes to the electoral registration system to combat vote rigging and boost turnout. But in a written response to Labour MP Gordon Prentice, the government said it would normally invite observers to any UK election.
 
 Junior constitutional affairs minister Christopher Leslie said: ""I fully expect us to repeat our previous practice of doing so once the date for the next general election is announced."" The government has looked at ways of boosting voter turnout, which fell to 59% in the last general election in 2001.
 
 But trial all-postal ballots in four English regions last summer were hit by delays and some fraud allegations. Liberal Democrat peer Lord Greaves called last week for international observers at the general election - saying otherwise there could be months of court challenges ""on a scale not seen since the 19th Century"". Thursday's report was drawn up by two committees scrutinising the work of the Office of the Deputy Prime Minister (ODPM) and the Department for Constitutional Affairs (DCA). It said that, with the growth of postal voting, there was a strong case to tighten up fraud protection by requiring voters to register individually, rather than by household. It also said about three million people eligible to vote are not registered to do so.
 
 Figures for the 2001 general election suggest 29% of people aged between 18 and 24, and 19% of black voters were not on the electoral roll. Young people in shared accommodation are thought to miss out because no one acts as head of the household to fill in the form. ODPM committee chairman Andrew Bennett said individual voter registration, as opposed to registration by household, should be quickly introduced as it could ""dramatically reduce the chances of fraud"". But his counterpart on the DCA committee, Alan Beith, said it should be delayed ""until measures likely to increase registration have been put in place and proved effective."" Shadow Constitutional Affairs Secretary Oliver Heald accused the government of ""dragging its feet"" over ""this badly needed measure"". ""It is vital that we move ahead with the Northern Ireland system of individual electoral registration to safeguard the integrity of the Britain's electoral system,"" he said.
 
 The report said individual registration should be treated carefully as 12% of voters disappeared from the electoral roll in Northern Ireland when it was introduced in 2002. The report said the government should consider fines for unregistered voters, but accepted many experts said it would be an expensive system that would be hard to enforce. It said incentives to register, such as Â£20 council tax rebate, were likely to be seen as ""gimmicks"" and risked undermining the integrity of the system, MPs said. Instead they called for ""imaginative campaigns"" to boost interest.
",politics
"Kilroy names election seat target
 
 Ex-chat show host Robert Kilroy-Silk is to contest the Derbyshire seat of Erewash at the next general election.
 
 Labour's Elizabeth Blackman won the seat in 1997 and has a 6,932 majority. She says she will fight on her record ""as a hard-working constituency MP"". Mr Kilroy-Silk announced his plans a day after launching his new party, Veritas, the Latin for truth. The East Midlands MEP, who quit the UK Independence Party, wants his new group to ""change the face"" of UK politics. His choice of election constituency quashes speculation that he would stand against Defence Secretary Geoff Hoon in Ashfield, Nottinghamshire. UKIP won 31% of the vote in Erewash in last June's European elections - with Mr Kilroy-Silk among their candidates for the region. Until 1997, Erewash had been held by the Tories since 1970. Ms Blackman said she was proud of the government's achievements in the area. She declined to give her view of Mr Kilroy-Silk at this point.
 
 On Thursday, he told a London news conference that Veritas would avoid the old parties' ""lies and spin"". He said ""our country"" was being ""stolen from us"" by mass immigration and promised a ""firm but fair"" policy on immigration. Veritas says it hopes to contest most seats at the forthcoming general election but plans to announce detailed policies on crime, tax, pensions, health and defence over the next few weeks.
 
 UKIP leader Roger Knapman says he is glad to see the back of Mr Kilroy-Silk. Labour campaign spokesman Fraser Kemp said Veritas was joining ""an already crowded field on the right of British politics"". Mr Kilroy-Silk was joined in the new venture by one of UKIP's two London Assembly members, Damien Hockney, who is now Veritas' deputy leader.
 
 UKIP's chairman Petrina Holdsworth has said the group will just be a parody of the party the men have left. Mr Kilroy-Silk quit UKIP last week after months of tension as he vied unsuccessfully for the leadership of that party. He said he was ashamed to be a member of a UKIP whose leadership had ""gone AWOL"" after the great opportunity offered by its third place at last June's European elections. UKIP's leader, Roger Knapman, has said he is glad to see the back of Mr Kilroy-Silk. ""He has remarkable ability to influence people but, sadly, after the [European] election it became clear that he was more interested in the Robert Kilroy-Silk Party than the UK Independence Party so it was nice knowing him, now 'goodbye',"" he said. UKIP officials also argue Mr Kilroy-Silk has not been ""straightforward"" in attacking the party he once wanted to lead.
",politics
"Donor attacks Blair-Brown 'feud'
 
 The reported feud between Tony Blair and Gordon Brown has prompted a Labour donor to say he will almost certainly refuse to give more funds.
 
 Duncan Bannatyne also attacked the government over Iraq and its ""poor"" response to the Asian tsunami crisis. His broadside came as ex-Foreign Secretary Robin Cook said he hoped Mr Brown would be premier at some point. Mr Bannatyne has previously given Labour Â£50,000. He made his fortune from care homes and health clubs.
 
 The 52-year-old on Tuesday said was he was reviewing his donations because of Cabinet disunity and international issues. His spokesman said it was highly unlikely he would give Labour more money, although he would remain a supporter and not fund the Conservatives.
 
 Robert Peston's new book has prompted more speculation about the Blair-Brown rift with its claims that the prime minister broke a promise made in 2003 to stand down. Mr Bannatyne said: ""Disunity in the Cabinet has a corrosive effect on the country. ""Gordon Brown is a great chancellor who has delivered a stable economy, but business wants that to continue and not be blown off course by petty squabbles based on personal ambition."" The businessman, whose latest venture is a casino in Newcastle, also voiced concern about the ongoing violence in Iraq.
 
 And he branded the UK government's response to the tsunami as ""piecemeal and poor"". ""The people there need practical help not just pledges of money,"" he said. ""The US has forces helping on the ground - we can do more."" British Navy ships have helped the relief effort and the prime minister has said the government could ultimately give hundreds of millions of pounds in aid. Mr Bannatyne is due to host a new television programme and is also appearing on BBC2 business start-up programme Dragon's Den. But his spokesman insisted his attack on Labour was not a publicity stunt.
 
 In a separate development, Robin Cook gave his support to Mr Brown's prime ministerial ambitions but told a lunch for political journalists winning the election had to be Labour's election. But he insisted the recent squabbles between Mr Blair and Mr Brown were not ""perceived as a problem by the voters,"" adding there was no impression of governmental incompetence. Mr Cook argued that more prominence was given to these matters because there was ""not an alternative source of opposition to the government"". He warned the ""Abstentions Party"" was the real challenge to Labour - and they would not be motivated by Mr Blair's promise to produce an ""unremittingly New Labour"" election manifesto. His comments come after Dave Prentis, the leader of Britain's biggest union Unison, told the Daily Record newspaper he wants a date to be set for Mr Blair to be replaced as Labour leader.
",politics
"Research fears over Kelly's views
 
 Scientists have expressed concerns that new education secretary Ruth Kelly's religious views could hamper vital scientific research.
 
 Ms Kelly, who is Catholic, is reported to be ""pro-life"" and has opposed embryo research. Medical Research Council Professor Nancy Rothwell said Ms Kelly's views mattered as she was responsible for training future scientists. The Department for Education and Skills would not comment on the concerns.
 
 A spokeswoman said: ""It is not news that Ms Kelly is a Catholic but we are not going into any details on this."" But she added that claims Ms Kelly was in charge of a Â£1bn university research budget were not true. It was down to the Higher Education Funding Council and the research councils to decide on universities' research allocations. British law is open to the cloning of human embryos to create stem cells, master cells that can develop into all the body's tissue types. This cloning activity is not permitted for reproductive purposes - only for research into new disease treatments. However, it is controversial because it involves the destruction of embryos.
 
 Professor Rothwell, who is also vice-president of research at Manchester University, told the Times Higher Education Supplement it would worry her ""a great deal"" if ministers were anti-stem cell. She said: ""The views of ministers in the DfES do matter as they are responsible for training the next generation of scientists. ""You can't have a higher education policy that is at odds with the government's science policy."" Head of developmental genetics at the National Institute of Medical Research, Professor Robin Lovell-Badge, said he had witnessed the confused situation in the US where many religious groups opposed the practice. He said: ""If someone as senior as Ruth Kelly is not going to favour stem cell research we will end up with a similarly schizophrenic system in this country. It is very worrying."" But fertility expert Lord Winston said he thought it was ""rather good"" ministers held ethical views. Concerns have also been raised by ""pro-choice"" organisations that Ms Kelly's views might affect sex education policy in schools.
 
 Family Planning Association chief executive, Anne Weyman, said teaching pupils about contraception and abortion were key. ""Young people must be informed about all the issues within sexual health, which include contraception and abortion. ""I think it is very important that the government maintains its commitment to the teenage pregnancy strategy."" Currently, individual schools devise their own sex education policies based on a framework provided by the DfES. Ms Kelly has not set out her detailed views on either issue yet, but has said she intends to put parents first in education policy. This would include the quality of teaching, classroom discipline and academic standards in schools, she said.
",politics
"Chancellor rallies Labour voters
 
 Gordon Brown has issued a rallying cry, telling supporters the ""stakes are too high"" to stay at home or protest vote in the forthcoming general election.
 
 The chancellor said the vote - expected to fall on 5 May - will give a ""clear and fundamental"" choice between Labour investment and Conservative cuts. Speaking at Labour's spring conference in Gateshead, Mr Brown claimed the NHS was not safe in Conservative hands. He said Tory plans to cut Â£35bn tax would ""cut deep into public service"".
 
 To a packed audience at Gateshead's Sage Centre, the chancellor said the cuts proposed by shadow chancellor Oliver Letwin were the equivalent of sacking every teacher, GP and nurse in the country, he told activists. Laying into the Conservative's record in government he said: ""I give you this promise - with Labour, Britain will never return to the mistakes of ERM and 10% inflation, 15% interest rates, Â£3bn in lost reserves, 250,000 repossessed, one million in negative equity and three million unemployed. ""Never again Tory boom and bust.
 
 ""This will be the central dividing line at the election, between a Conservative Party taking Britain back and planning deep cuts of Â£35bn in our services, and a Labour government taking Britain forward, which on a platform of stability will reform and renew our hospitals, schools and public services and, I am proud to say, spend by 2008 Â£60bn more."" Turning to the economy, the chancellor pledged to continue economic stability and growth in a third term in power.
 
 He said after seven years Labour had transformed from a party not trusted with the economy to ""the only party trusted with the economy"". It was now a ""party not just of employees, but of employers and managers"", he said. In the speech - which prompted a standing ovation from an audience clearly ""warm"" to Mr Brown - he also promised to end teenage unemployment within the next five years. He also highlighted plans for 100% debt relief for the world's poorest countries, a national minimum wage for 16 and 17-year-olds and the creation of a network of children's centres and flexibility in maternity leave. The prime minister is to take part later on Saturday in an interactive question and answer session, fielding queries sent in by e-mail, text message and telephone as part of Labour's attempt to engage the public in their campaign.
",politics
"Fox attacks Blair's Tory 'lies'
 
 Tony Blair lied when he took the UK to war so has no qualms about lying in the election campaign, say the Tories.
 
 Tory co-chairman Liam Fox was speaking after Mr Blair told Labour members the Tories offered a ""hard right agenda"". Dr Fox told BBC Radio: ""If you are willing to lie about the reasons for going to war, I guess you are going to lie about anything at all."" He would not discuss reports the party repaid Â£500,000 to Lord Ashcroft after he predicted an election defeat.
 
 The prime minister ratcheted up Labour's pre-election campaigning at the weekend with a helicopter tour of the country and his speech at the party's spring conference. He insisted he did not know the poll date, but it is widely expected to be 5 May.
 
 In what was seen as a highly personal speech in Gateshead on Sunday, Mr Blair said: ""I have the same passion and hunger as when I first walked through the door of 10 Downing Street."" He described his relationship with the public as starting euphoric, then struggling to live up to the expectations, and reaching the point of raised voices and ""throwing crockery"". He warned his supporters against complacency, saying: ""It's a fight for the future of our country, it's a fight that for Britain and the people of Britain we have to win.""
 
 Mr Blair said that whether the public chose Michael Howard or Mr Kennedy, it would result in ""a Tory government not a Labour government and a country that goes back and does not move forward"". Dr Fox accused Mr Blair and other Cabinet ministers of telling lies about their opponents' policies and then attacking the lies. ""What we learned at the weekend is what Labour tactics are going to be and it's going to be fear and smear,"" he told BBC News. The Tory co-chairman attacked Labour's six new pledges as ""vacuous"" and said Mr Blair was very worried voters would take revenge for his failure to deliver. Dr Fox refused to discuss weekend newspaper reports that the party had repaid Â£500,000 to former Tory Treasurer Lord Ashcroft after he said the party could not win the election. ""We repay loans when they are due but do not comment to individual financial matters,"" he said, insisting he enjoyed a ""warm and constructive"" relationship to Lord Ashcroft.
 
 Meanwhile Lib Dem leader Charles Kennedy is expected to attack Mr Blair's words as he begins a nationwide tour on Monday. Mr Kennedy is accelerating Lib Dem election preparations this week as he visits Manchester, Liverpool, Leicester, Somerset, Basingstoke, Shrewsbury, Dorset and Torbay. He said: ""This is three-party politics. In the northern cities, the contest is between Labour and the Liberal Democrats. ""In southern and rural seats - especially in the South West - the principal contenders are the Liberal Democrats and the Conservatives, who are out of the running in Scotland and Wales."" The Lib Dems accuse Mr Blair of making a ""touchy-feely"" speech to Labour delegates which will not help him regain public trust.
",politics
"Tories unveil quango blitz plans
 
 Plans to abolish 162 quangos have been unveiled by the Conservatives as part of their effort to show how government red tape can be cut.
 
 Six government units would also be scrapped under proposals which the Tories say would save more than Â£4.3bn. Among the targets are strategic health authorities and the new fair access regulator for universities. Tory frontbencher John Redwood said Britain needed a slimmer government and lower taxes to be competitive.
 
 The plans would abolish regional assemblies and other regional bodies, such as boards tackling industrial development and housing. Their powers would be returned to elected local councils or national government. The Tories say the strategic health authorities are not needed as it is better that local people, rather than officials, run hospitals and surgeries.
 
 Announcing the plans, Mr Redwood said: ""Mr Blair has forgotten the interests of taxpayers, and has broken the pledges he made. ""Far from improving public services, spending taxpayers' money on quangos has led only to more bureaucrats, more regulation and higher taxes."" His party leader, Michael Howard, argued a change in direction was needed to get a grip on spending. ""Labour are creating Two Britains: the Britain of the forgotten majority and bureaucratic Britain,"" he said. ""In the real world, people are working harder just to stand still. They've seen their pensions knocked for six. ""They're being squeezed by extra taxes. The forgotten majority are paying the price of bureaucratic Britain.""
 
 The government has announced plans to cut 100,000 civil servants as part of its efficiency drive. But Chief Secretary to the Treasury Paul Boateng attacked the Tory plans. ""The Conservatives are committed to cutting Labour's public spending plans by a massive Â£35 billion,"" he said. ""Cuts on this scale cannot be found from cutting 'bureaucracy' but would require massive cuts to front-line public services such as schools, hospitals and the police."" The Liberal Democrats have said they would cut the number of Whitehall departments to make sure money reaches frontline services.
",politics
"Hatfield executives go on trial
 
 Engineering firm Balfour Beatty and five railway managers are to go on trial for manslaughter over the Hatfield rail crash in 2000.
 
 Four people died when a section of rail broke and a high speed train derailed. Balfour Beatty's railway maintenance arm was in charge of the upkeep of the line at Hatfield, Hertfordshire. Balfour Beatty managers Anthony Walker and Nicholas Jeffries, and Railtrack managers Alistair Cook, Sean Fugill and Keith Lea all face individual charges. All five men, along with four others, are also accused of breaches of health and safety laws. Balfour Beatty Rail Maintenance faces a corporate manslaughter charge. It is expected the trial could last as long as a year. The accident, on 17 October 2000, happened when the London to Leeds express came off the tracks at 115 mph, when it was derailed by a cracked section of rail. The accident on the East Coast Main Line sparked major disruption. The overall responsibility for the line was Railtrack's - the company that has now become Network Rail. Those who died in the accident were Steve Arthur, 46, from Pease Pottage, West Sussex; Peter Monkhouse, 50, of Headingley, Leeds; Leslie Gray, 43, of Tuxford, Nottingham; and Robert James Alcorn, 37, of Auckland, New Zealand.
",politics
"Howard rejects BNP's claim
 
 Tory leader Michael Howard has dismissed claims that his immigration policy was ""moving onto the turf"" of the British National Party (BNP).
 
 BNP leader Nick Griffin told the Independent he expected some BNP voters to switch to the Tories over the issue. But Mr Howard said he rejected the idea that the Tories and BNP appealed to the same voting instincts. Asked if he would welcome BNP voters he told the BBC: ""I don't want anybody to vote for these extremist parties"". He added, on BBC Radio 4's Today programme: ""If you want good community relations in this country...then you have to have firm, fair immigration controls.""
 
 The Tories have promised an upper limit on the number of people allowed into Britain with the slogan: ""It's not racist to impose limits on immigration"". All parties are stepping up campaiging in the run-up to the general election, widely expected to be called for 5 May. Labour has unveiled its own ""points system"" for ensuring migrants who want to work in the UK have skills that are required, but have rejected immigration quotas. The Liberal Democrats have warned both parties against ""pandering to prejudice"".
 
 Mr Griffin told the Independent the Tories' plans were ""a definite move onto our turf"". He said: ""I quite freely accept that on a nationwide basis, the Tories will con enough people to make a significant hole in our vote."" Asked whether he was comfortable with the perception that the Conservatives and the BNP appeal to the same voting instincts, Mr Howard told the BBC: ""I reject that entirely"". He said he found BNP's policies ""abhorrent"" but he said the UK had to take a different approach to immigration, which he said was out of control. ""The government doesn't want to limit it in any way, we do, there's a legitimate difference between us there which we can discuss in a calm, rational and reasonable way,"" he said. He again rejected newspaper speculation that his own father entered Britain illegally.
",politics
"Howard unveils Tory asylum plans
 
 Tory plans to cut immigration to the UK are not racist and will make the asylum system fairer for genuine refugees, Michael Howard has said.
 
 As his party set out detailed asylum reform plans, Mr Howard said they would help smash people smuggling gangs. There would be an annual limit on asylum and all claims would be processed overseas. Some charities say the plans would put refugees' lives at risk if they were turned away once quotas were filled.
 
 Tony Blair said Labour would set out workable plans for tackling immigration abuse in the next few weeks and attacked the Tory plans. ""By cutting the number of front-line immigration staff at our borders, they will actually make the problem worse,"" said Mr Blair. Liberal Democrat chairman Matthew Taylor said there needed to be a quick, fair and firm asylum system. But he said it was ""absolutely disgusting"" to propose a system which could turn away genuine refugees. The Conservatives say there is little risk of this happening as demand for asylum will be considered when quotas are set.
 
 In a speech in London on Monday, Mr Howard said: ""It's not racist, as some people to claim, to talk about controlling immigration far from it."" He said that coming from an immigrant family himself he recognised that ""firm but fair"" immigration controls were essential for good community relations.
 
 
  - Withdrawing from the 1951 United Nations Convention on refugees, which obliges countries to accept people being persecuted on the basis of need, not numbers 
  - Introduce laws to allow the immediate removal of asylum seekers whose claims were clearly unfounded because they came from safe countries or had destroyed documents 
  - Detain asylum seekers without documents so people whose identity was not known were not able to move freely around the UK - a worry for ""national security"" 
  - Stop considering asylum applications inside the UK and instead take people from United Nations refugee agency camps. Anyone applying for asylum would be taken to new centres close to their countries of origin. 
  
 
 The Tories also want quotas for those seeking work permits through an Australian-style points system and those wanting to join families in the UK.
 
 Mr Howard said nearly 160,000 people were settling in the UK every year - the size of a city like Peterborough. The plans would help achieve a ""substantial reduction"" in immigration, he said, although he could not predict a figure. He said that only two out of 10 asylum seekers had their claims accepted under the current ""unfair and inhumane"" system.
 
 ""We need to break the link between arriving in Britain and claiming asylum,"" Mr Howard said. ""By breaking that link we can smash the criminal gangs at the heart of the trade in people smuggling.""
 
 But the UN refugees agency is worried the policy sends the wrong message to poorer countries which receive the bulk of refugees. And a spokesman for European Justice and Home Affairs Commissioner Franco Frattini said the plans would contravene EU asylum policy, which meant the UK could not simply refuse to hear an asylum case. Refugee Council Chief Executive Maeve Sherlock called the plans ""dangerous, ill thought-out and hugely irresponsible"". Lives could be put at risk if refugees were turned away once the quotas were filled, she warned. Commission for Racial Equality chairman Trevor Phillips said asylum applications were down 40% and economic migration down about 10%.
 
 He did not think Mr Howard intended to centre the debate about race. But he warned that some campaigners could use his words to hint the policy was about keeping out people of a different colour or culture. Mr Howard called that suggestion ""disgraceful"".
",politics
"Brown and Blair face new rift claims
 
 For the umpteenth time, Tony Blair and Gordon Brown are said to have declared all out war on each other.
 
 This time the alleged rift is over who should take the credit for the government's global aid and debt initiatives, particularly in the wake of the tsunami disaster - an issue many hoped and believed was above such things. It dominated the prime minister's monthly news conference, which saw Mr Blair start in full irritation mode as he was forced to bat away question after question about his relationship with his neighbour. As he told journalists: ""I am not interested in what goes in and out of newspapers. There is a complete unity of purpose."" And he again heaped praise on Mr Brown saying he was doing a great job, and would continue doing it - although he would not commit to any job for Mr Brown after the election.
 
 So why did he arrange his press conference at the last moment so it coincided with Mr Brown's long-arranged keynote speech on aid and debt, he was asked? By now Mr Blair had moved from irritation mode to his barely disguised fury setting. He snapped back that the hacks knew very well what the operational reasons were for the timing of his press conference. Well, not really, as it happens.
 
 And he repeated what a great man Gordon was and how united they were, before again sneering that he took absolutely no notice of what went in and out of the newspapers, preferring to get on with the job of doing the best for the country and the world. Although in the next breath he declared: ""I get increasingly alarmed by what I read in the newspapers"" before catching himself on and quickly adding: ""In so far as I read them of course."" He probably had good reason to be alarmed because the newspapers had been full of stories about the claimed open warfare between the two men.
 
 As far as the timing of the prime minister's press conference is concerned, there are two options. The first is that it was a calculated attempt to upstage the chancellor and seize back the initiative on the big issue of the moment. If that is the case it suggests that even the fear of seriously negative newspaper headlines is not enough to stop the squabbling. The second option is that it was an unavoidable coincidence, which would suggest the government has lost its once-famed ability to strictly co-ordinate announcements - through the infamous Downing Street grid - to avert just such allegations.
 
 Either way, the effect was the same - to overshadow the big announcements of government policy on a hugely pertinent issue. And there had been previous suggestions that the new year had started with a fresh outbreak of the warfare between the two men. Firstly, the prime minister insisted on Wednesday that he had been intimately involved in the development of the proposals to get G8 countries to freeze debt repayments from the tsunami-hit countries. It was claimed he had been embarrassed by the fact that Gordon Brown appeared to have taken the initiative over the government's response to the disaster while Mr Blair was still on holiday in Egypt.
 
 Then, as if to pour fuel on the flames, both men separately spoke about working on tsunami or wider aid and development policy with their cabinet colleagues Foreign Secretary Jack Straw, Aid minister Hilary Benn and Deputy Prime Minister John Prescott - without mentioning the other. All this came amid fresh claims that Mr Brown was still seething that he had been excluded from a prominent role in general election planning and had, as a result, started to set out his own platform. The fact that he used an article in the Guardian newspaper to set out what he believed ""should"" be in the manifesto, has embarked on a mini tour of Britain to set out his aid plans and will next week visit Africa on the same mission - often seen as the prime minister's ""turf"" - has only added to the impression of rival camps operating entirely independently of each other. The prime minister denied all that as well, repeating his insistence that it was inconceivable the economy and the chancellor would not be at the centre of the election campaign. But the big fear with many on the Labour benches now is that, unless a lid can be put on the speculation over the rivalry, it may even threaten to undermine the election campaign itself.
",politics
"Tories plan migrant health checks
 
 Non-European Union citizens wanting to work in the UK will have to undergo tests for Tuberculosis and HIV, under plans unveiled by the Conservatives.
 
 A positive test for TB would mean visa applications being turned down, while HIV would be dealt with case by case. Leader Michael Howard said the checks on new arrivals would help protect public health and the NHS. Labour said many tests were already done. The Lib Dems warned both parties against ""pandering to prejudice"".
 
 The proposals, which would be brought in if the Conservatives won the General Election, would not apply to people coming to the UK for less than six months unless they intended to work in health or childcare or teaching. Mr Howard said the plans were based on policies already in action in Canada, New Zealand and Australia. ""It's very important that we should safeguard the good standards of public health that Britain enjoys,"" he told BBC Radio 4's Today programme. Government figures suggest TB in England has increased by 25% over the past 10 years. ""Nearly two thirds of people with TB are born abroad,"" said Mr Howard.
 
 ""I don't think a responsible government can stand aside and do nothing in the face of this problem."" But Mr Howard said the plans would not affect asylum applicants' claims. The proposals include:
 
 - People coming to the UK from outside the EU for between six and 12 months from a ""high incidence TB country"" will have to undergo a chest X-ray. 
  - People coming to settle in the UK permanently from outside the EU will have to ""demonstrate they have an acceptable standard of health"". 
  - They will also have to show they are unlikely to be a danger to public health and are unlikely to ""impose significant costs or demands"" on the NHS. 
  - The tests will include a health check, chest X-rays for TB (except for children and pregnant women) and tests for hepatitis and HIV for over 16-year-olds. Only the discovery of TB will mean people will be automatically denied a visa, other conditions will be dealt with on a ""case by case basis"".
 
 There is already some screening in place. Last year 185,000 people were tested for TB at Heathrow and Gatwick airports, only about 200 were found to be infected. And Dr John Moore-Gillon, of the British Lung Foundation, said: ""TB is not simply imported, we are seeing a rise in many sections of the UK-born population as well."" The government says the Tories are ""a bit late"" to the issue. Immigration minister Des Browne quoted its five-year plan for immigration and asylum, as saying: ""We are implementing our existing powers by targeted health screening for TB in high-risk areas at the entry clearance stage. ""Those who are diagnosed would then need to seek treatment at home before being allowed to enter the UK."" Meanwhile Mark Oaten, Liberal Democrat home affairs spokesman, said: ""This is another worrying step in the war of words over asylum and immigration between Labour and the Conservatives. ""Michael Howard knows perfectly well what bigger game he is playing, and history proves it is a very dangerous one."" Lisa Power, head of policy at Aids charity the Terrence Higgins Trust said the policy was prejudice-based rather than evidence-based. ""In fact, it would be more likely to drive people with health conditions to falsify tests while others gain entry by simple dint of their EU status,"" she said.
",politics
"Brown targets OAPs and homebuyers
 
 Gordon Brown has doubled the level at which house buyers pay stamp duty to Â£120,000 as he put the economy at the heart of Labour's election campaign.
 
 The chancellor also unveiled a one-off Â£200 council tax refund for pensioners and a rise in child tax credit. Mr Brown put 1p a pint on beer, 4p on a bottle of wine and 7p on 20 cigarettes but froze petrol duty until September. The Tories called it a ""vote now, pay later"" Budget. The Lib Dems branded it a ""sticking plaster"" for the election.
 
 Tory leader Michael Howard predicted the Budget would do nothing to help Labour's ""faltering"" election campaign.
 
 ""This government and this chancellor have run out of solutions to the problems Britain faces,"" Mr Howard told MPs. ""Their only answer is to tax, to spend and to waste - to get people to vote now and pay later."" He ended his response with an election challenge to Labour, saying ""bring it on"". Liberal Democrat leader Charles Kennedy attacked Mr Brown for failing to mention the environment and for his record on social justice. ""How can it be right in Britain today that the poorest 20% pay more in tax, as a proportion of their income, than the richest 20%?"" he asked.
 
 Mr Kennedy criticised Mr Brown for failing to mention the ""ticking bomb"" of council tax revaluation, saying it was ""high time"" the system was replaced by a ""local tax based on the ability to pay"". During his 49 minute speech Mr Brown told MPs he had defied the pundits by hitting his growth target of 3.1% for 2004.
 
 He said his Budget struck a balance ""between tax cuts that are affordable, investments that are essential and stability that is paramount"". He rejected across-the-board tax cuts in favour of targeted help for families. The child tax credit will rise in line with earnings, giving families an extra Â£5 a week. In contrast, the personal income tax allowance will rise only in line with inflation from Â£4,745 to Â£4,895 next month. Mr Brown told MPs child benefit would rise to a maximum of Â£63 a week for the first child and Â£111 for two children. Despite his giveaways, Budget documents show Mr Brown clawed back Â£265m through a clampdown on tax avoidance and increased revenue from a windfall tax on oil companies. He also scrapped stamp duty relief for commercial property in disadvantaged areas - a measure brought in just over three years ago. BBC political editor Andrew Marr suggested the sweeteners were not big enough to have a transforming effect on voters. But trust in Mr Brown's economic stewardship would be a central election issue, he said.
 
 Mr Brown also unveiled plans for a memorial to the Queen Mother, funded through a special coin to celebrate the Queen's 80th birthday. Other measures include equal tax status for same-sex couples and a deal with the Council of Mortgage Lenders to boost low cost home ownership. The level where people start paying inheritance tax will also rise from Â£263,000 to Â£275,000 from April. Mr Brown said he had met his financial ""golden rule"" with a Â£6bn surplus and he said public borrowing would continue to fall over the next five years.
 
 The economy had grown for 50 consecutive quarters, he said, and was forecast to continue doing so over the next year, with a forecast of 3% to 3.5% in 2005 and 2.5% to 3% in 2006. The first Â£2bn of value-for-money savings identified in the Gershon Review have been achieved, the chancellor said. Some 12,500 civil servant posts have been axed, and 7,800 relocated out of the south east of England, he added. SNP leader Alex Salmond said Mr Brown had failed the ""tartan test"" as there were no measures to boost the Scottish economy. Simon Thomas, of Plaid Cymru, called it a budget for Middle England. UK Independence Party leader Roger Knapman attacked the plans for pensioners saying they needed ""more money and the dignity of being allowed to spend it how they want,"" not ""free bus rides"". The Green Party said the Budget was a ""wasted opportunity"" for environmental protection, adding: ""Brown obviously has an eye on the coming election, and has taken his eye off the needs of the planet.""
",politics
"Ministers deny care sums 'wrong'
 
 Ministers have insisted they are committed to free personal care for the elderly despite research suggesting the cost of the policy was under-estimated.
 
 A report by the Fraser of Allander Institute says the decision to push ahead with the flagship policy was based on flawed research. Deputy Health Minister Rhona Brankin has pledged to study the research. SNP Holyrood leader Nicola Sturgeon said the public needed reassurance that the care programme was secure.
 
 The rise in costs stems from a series of mistakes in the research used by the ""care development group"" of Scottish Executive experts who prepared the original costings, according to findings published in the Quarterly Economic Commentary of Strathclyde University's Fraser of Allander Institute. ""Dubious"" assumptions about improving health expectancy could drive the cost of the policy up by another Â£130m by 2022, the report warned.
 
 It was carried out by husband and wife economist team Jim and Margaret Cuthbert. But Ms Brankin told BBC Radio Scotland: ""We don't think we got our sums wrong. ""Obviously we will examine the findings of this new report, along with figures from our own research that we have already commissioned. ""We will look in great detail at any contribution to this, because we need to be sure we can provide free personal care and nursing care for our older people into the future. ""And we are absolutely committed to doing that.""
 
 But the Scottish National Party called on ministers to reassure people that enough funding is in place to support the free personal care policy. Ms Sturgeon said that while she had no reason to doubt the executive's support for the policy, there were questions which needed to be answered and, if necessary, sums redone. She said: ""Serious concerns have been raised and there are questions which need to be answered by the Scottish Executive. ""We need to know that the money is there, not just for this year or next year, but into the future so that older people, and those who are looking forward to older age, can rest assured that their personal care needs will be met.""
",politics
"Straw praises Kashmir moves
 
 The UK has welcomed the decision by India and Pakistan to open a bus link across the ceasefire line dividing the disputed region of Kashmir.
 
 Foreign Secretary Jack Straw, touring South East Asian countries, praised the ""spirit of cooperation"" in achieving the breakthrough. Media reports in both countries describe the deal as a major step in the ongoing peace process. Mr Straw said he hoped the agreement would make a difference to Kashmiris. The bus service was one of several announcements made after a meeting of foreign ministers of both countries in Islamabad on Wednesday. Kashmiri politicians on both sides of the Line of Control which divides the region welcomed the move.
 
 In a statement, Mr Straw said the bus service between Srinagar and Muzaffarabad ""will be able to reunite families that have been divided for decades"". ""This will make a real difference to the lives of Kashmiris on both sides of the Line of Control,"" he said. ""I warmly applaud the efforts of both India and Pakistan to make this happen. ""This spirit of cooperation will, I hope, lead to many more measures that will benefit all in the region.""
 
 On Thursday Mr Straw was in India visiting Sikhism's holiest shrine, the Golden Temple in Amritsar where he tried his hand at making Indian bread or roti. He is due to take part in talks with the Indian government on Friday. A second bus service linking the Pakistani city of Lahore with Amritsar in India was also announced as well as a rail link between Rajasthan state and Pakistan's Sindh province. Both sides agreed to begin talks on reducing the risk of nuclear accidents and also said they planned to reopen their respective consulates in Karachi and Mumbai (Bombay). The mountainous region of Kashmir has been a flashpoint between the two nuclear powers for more than 50 years.
",politics
"Turkey deal 'to help world peace'
 
 A deal bringing Turkey a step closer to EU membership is of ""fundamental importance"" to the peace and security of the world, Tony Blair has said.
 
 The deal, struck at the European Council last week, also proved claims of a clash between Muslims and Christians were ""wrong"", Mr Blair said. It represented the achievement of an ""historic British objective"", he added. Tory leader Michael Howard said the deal laid to rest any suggestion the EU was ""anti-Islamic"".
 
 Turkey's involvement with the EU would provide an ""invaluable bridge"" between Europe and the rest of the world, Mr Howard added. But the Tory leader argued that the EU constitution was not designed to take in a country as large as Turkey. Mr Blair has been a leading advocate of Turkish membership despite controversy surrounding the idea. He insisted that the Turkish leadership had made great advances in improving its human rights records. The deal to open formal talks with Ankara came despite an EU demand for Turkey to recognise Cyprus.
 
 It was agreed the issue can be tackled at a later date but Turkish premier Recep Erdogan had to accept negotiations did not guarantee his country full EU membership. The internationally recognised southern part of Cyprus is an EU member, but Turkey, which occupies northern Cyprus, had previously insisted it would not bow to demands to recognise the country, calling the issue a ""red line"". It could take up to 15 years before Turkey is able to join, and entry cannot be guaranteed. If it joins, Turkey may have to accept restrictions to limit migration by its citizens. The EU has also announced that it will start accession talks with Croatia in April 2005. However, talks will begin only if the country co-operates fully with the UN war crimes tribunal for the former Yugoslavia.
",politics
"Goldsmith: 'I was not leant on'
 
 The attorney general has again denied being ""leant on"" by Downing Street to make the legal case for invading Iraq.
 
 Claims a written answer on the legality of the war was drafted by Downing Street were ""wholly unfounded,"" he insisted during stormy Lords exchanges. Lord Goldsmith said the answer represented his ""genuinely held independent view"" the war was legal. The text was released on the eve of a crucial Commons vote in which MPs backed the invasion of Iraq. Many Labour MPs have since indicated that the attorney general's answer played a pivotal role in their willingness to back the conflict. The government has resisted calls to publish the full advice, saying such papers are always kept confidential. In the House of Lords, the attorney general faced a call by former Tory lord chancellor Lord Mackay to now publish the ""full text"" of the advice - the suggestion was rejected. Another peer meanwhile, Lord Skidelsky, said not to publish the full legal opinion would ""strengthen the suspicion that the the original text was doctored for public consumption, in exactly the same way as the notorious intelligence dossier on weapons of mass destruction"".
 
 Last week Lord Goldsmith said in a statement: ""I was fully involved throughout the drafting process and personally finalised, and of course approved, the answer."" He said the answer had been prepared in his office with the involvement of Solicitor General Harriet Harman, two of his own officials, three Foreign Office officials, a QC, Christopher Greenwood and the then Lord Chancellor, Lord Irvine of Lairg. ""No other minister or official was involved in any way."" ""As I have always made clear, I set out in the answer my own genuinely held, independent view that military action was lawful under the existing (UN) Security Council resolutions,"" he said. ""The answer did not purport to be a summary of my confidential legal advice to government."" Former foreign secretary Robin Cook said Lord Goldsmith's admission that his parliamentary answer was not a summary of his legal opinion suggested Parliament may have been misled. ""The attorney general may never have presented his answer as a summary, but others certainly did,"" he said. ""What is clear from his statement today is that he does not believe that it was a full, accurate summary of his formal opinion.""
 
 Tony Blair has dismissed questions about the attorney general's advice, and said his Parliamentary statement had been a ""fair summary"" of his opinion. ""That's what he [Lord Goldsmith] said and that's what I say. He has dealt with this time and time and time again,"" Mr Blair told his monthly news conference in Downing Street. He refused to answer further questions on the issue. On the question of whether such papers have always been kept confidential, Tory MP Michael Mates, who is a member of the Commons intelligence and security committee and was part of the Butler inquiry, told the BBC: ""That, as a general rule, is right, but it's not an absolute rule."" He said there had been other occasions when advice had been published, most recently regarding Prince Charles's marriage plans. The government could not pick and choose when to use the convention, he said. Mr Mates added: ""This may be one of those special occasions... when it would be in the public interest to see the advice which the attorney general gave to the prime minister."" A book published by Philippe Sands QC, a member of Cherie Blair's Matrix Chambers says Lord Goldsmith warned Tony Blair on 7 March 2003 that the Iraq war could be illegal without a second UN resolution sanctioning military action. A short statement about Lord Goldsmith's position presented in a written parliamentary answer on 17 March 2003 - just before a crucial Commons vote on the military action - did not suggest this.
",politics
"Hodges announces rugby retirement
 
 Scarlets and USA Eagles forward Dave Hodges has ended his playing career to pursue a coaching role in the States.
 
 The 36-year-old, who has 54 caps, was Llanelli's player of the season in 2001/2, but has battled injury for the last two of his seven years at Stradey. He tore a pectoral muscle against the Ospreys on Boxing Day, an injury that would have kept him out for the season. ""Realising I would be unable to play this season, the club and I agreed to end my contract early,"" said Hodges.
 
 ""It allows me to move back to the US and pursue opportunities there and allows the Scarlets to look to the next generation."" The Scarlets have begun to rebuild their squad for next season after a disappointing Heineken Cup campaign, with plenty more signings and departures expected in the coming weeks.
 
 Scarlets chief executive Stuart Gallacher confirmed that 17 of the current squad would be out of contract in the summer. ""We have a deliberate policy whereby around half the squad are coming out of contract and they know they won't all be re-signed, it's a chance to invigorate the squad,"" he said. ""I'm positive about the future of the Scarlets both on and off the field."" Gallacher was keen to pay tribute to the role back-five forward Hodges has played at Stradey Park, though. ""David has been a highly influential member of our squad for seven years,"" said Gallacher. ""He is a real professional and we thank him for the part he has played in our success. ""I am sure he has an enormous contribution to make to the development of rugby in the US and we wish him and his family well."" Hodges described his years at Stradey as ""the best time of my life.""
",sport
"Bomb threat at Bernabeu stadium
 
 Spectators were evacuated from Real Madrid's Bernabeu stadium on Sunday following a bomb scare during the game between the hosts and Real Sociedad.
 
 More than 70,000 people abandoned the ground with the score at 1-1 and only three minutes left to play. The Basque newspaper Gara apparently received a telephone call saying a bomb was due to explode at 2100 local time. But after searching the stadium with sniffer dogs, the police said that no explosive device had been found.
 
 ""The police have said they have completed their search and have not found anything,"" said Real Madrid president Florentino Perez. ""The best thing we can all do now is to put this nightmare behind us."" Madrid midfielder Guti told private Spanish radio station Cadena Ser: ""I have never seen this before and sport should be above it all."" Real took the lead just before the break when Brazilian striker Ronaldo cracked home with his left foot. Sociedad levelled the match midway through the second half when Turkish striker Nihat Kahveci smashed home with an acrobatic finish. It is not yet clear if the remaining three minutes of the game will be played at a later date or if the result will be allowed to stand.
 
 If the result remains at 1-1, Real will drop to third place in the standings, 11 points behind leaders Barcelona, who snatched a late 2-1 win at Albacete on Saturday. Initial reports suggested the Basque separatist group ETA may be responsible for the bomb threat after issuing similar warnings before a series of small explosions in recent days. The Bernabeu was targeted by ETA on 1 May, 2002, when Madrid were about to play FC Barcelona in a Champions League semi-final. A car bomb exploded in a street outside the stadium and 17 people were slightly injured.
",sport
"Parmar ruled out of Davis Cup tie
 
 A knee injury has forced Arvind Parmar out of Great Britain's Davis Cup tie in Israel and left Alex Bogdanovic in line to take the second singles place.
 
 Parmar picked up the injury last week and has failed to recover in time for the Europe/Africa Zone I tie, which begins in Tel Aviv on Friday. Bogdanovic looks set to take the second singles place alongside Greg Rusedski. GB captain Jeremy Bates could use 17-year-old Andrew Murray and David Sherwood in the doubles rubber. Bogdanovic and Murray both pulled out of tournaments last week through injury but are expected to be fit. Jamie Delgado and Lee Childs have been called into the squad in Tel Aviv as designated hitters for team practice but Bates has no plans to call either of them into his squad at present.
 
 The unheralded Sherwood was the surprise inclusion when the squad was announced last week, and Bates said: ""David has earned his place in this squad on the merit of his form and results over the last 12 months."" The 6ft 4in Sherwood is ranked 264th in the world and the LTA have high hopes for him after Futures tournament wins in Wrexham and Edinburgh.
 
 The Sheffield-born right-hander, aged 24, also reached another final in Plaisir, France, a week after making the semi-final in Mulhouse. Bates is glad to have Rusedski available after Tim Henman's retirement from Davis Cup tennis. ""His wealth of experience is invaluable, particularly to the younger players and I know he will lead by example,"" Bates said. ""We are looking forward to the tie. The squad are all in excellent form.""
",sport
"Benitez issues warning to Gerrard
 
 Liverpool manager Rafael Benitez has ordered captain Steven Gerrard not to play down their Champions League ambitions and be more positive.
 
 Gerrard told the BBC Liverpool were unlikely to win the trophy this year. Benitez responded: ""I spoke to Steven and said to him that in future it's better to think we can win the Champions League. Why not?"" He said: ""We need winners here and everyone thinking only of winning. I always want to win.""
 
 Benitez added: ""When we lose I only think of solutions. If you only think about winning the next game, you don't know what the draw will be. ""If we can win the next game, maybe we will draw a side that isn't so strong, or a side with injuries or suspensions."" Benitez is hoping to win his first trophy since arriving at Liverpool from Valencia when they play Chelsea in the Carling Cup on Sunday in Cardiff.
",sport
"Officials respond in court row
 
 Australian tennis' top official has defended the Australian Open courts at Melbourne Park after criticism of the playing surface by Lleyton Hewitt.
 
 Hewitt said he had had a ""gutful"" of trying to persuade them to make the surface faster but Tennis Australia's Geoff Pollard rejected his comments. ""We did ask for it to be made faster than last year and, to my knowledge, it is faster,"" he said. ""We spent a substantial amount of money on modifications to make it faster."" Hewitt, who has not got past the fourth round at Melbourne in seven attempts, had earlier said the surface was not worthy of such a prestigious tournament. But he said he would play on whatever surface he had to in order to have a chance of winning. The tournament starts on 17 January, and Pollard said the surface had been speeded up since last year's tournament following complaints by several Australian players. But he refused to accept that the Melbourne surface may have had a bearing on Hewitt's performances over the years. ""Lleyton's proving how versatile he is on all surfaces,"" he said. ""It is faster than last year and that'll be faster than the one Lleyton beat Roger Federer on in the Davis Cup in 2003.""
",sport
"WRU proposes season overhaul
 
 The Welsh Rugby Union wants to restructure the Northern Hemisphere season into four separate blocks.
 
 The season would start with the Celtic League in October, followed by the Heineken Cup in February and March, and the Six Nations moved to April and May. After a nine week break, the WRU then proposes a two-month period of away and home international matches. WRU chairman David Pickering said the structure would end problems of player availability for club and country. He added: ""We feel sure that spectator interest would respond to the impetus of high intensity rugby being played continuously rather than the fragmented timetable currently in operation. ""Equally, we suspect that the sponsors would prefer the sustained interest in a continuous tournament and hopefully, the broadcasters would also enjoy increased exposure."" Moving the Six Nations from its traditional February beginning should also ensure better weather conditions and ""stimulate greater interest in the games and generally provide increased skills and competition and attract greater spectator viewing"", Pickering argued. The plan will be put before the International Rugby Board next month, where four other plans drawn up by independent consultants for a global integrated season will also be discussed. Pickering added: ""It's very early days and there are a number of caveats associated with it - not least the revenue from the broadcasters, which is extremely important. ""We've got a good plan and one which should be judged on its merits.""
",sport
"Parker misses England clash
 
 Tom Shanklin will start in the centre for Wales against England in Cardiff on Saturday after Sonny Parker failed to recover from a trapped neck nerve.
 
 Shanklin was first-choice wing in the autumn Tests, but prefers centre and will face England debutant Mathew Tait. Dragons three-quarter Hal Luscombe takes Shanklin's wing berth. Up front, Mefin Davies plays at hooker, open-side Martyn Williams is fit to start and lock Rob Sidoli replaces veteran Gareth Llewellyn. Davies wins the vote ahead of Robin McBryde, who sits on the bench having recently returned to action for the Scarlets following a neck injury.
 
 Sidoli is back for the first time since last season's Six Nations, the Blues second row back to form after a niggling groin problem. Williams, Sidoli's team-mate at Cardiff, is set to win his 50th cap, replacing the injured Colin Charvis after making a quicker-than-expected recovery from a neck disc problem. ""Initially when I had the diagnosis it was a case of trying to get fit for the Italy game next week, but fortunately my recovery has been a lot quicker than we all hoped,"" Williams told BBC Sport Wales. ""I haven't started a game since 1 January and would have preferred to have a couple of games in the lead-up to this, but the good thing with the injury is that I have kept up my fitness levels. ""I feel quite fresh and I just can't wait to play again."" Williams says he expects a torrid time from an England loose-forward trio of Lewis Moody, Joe Worsley and Andy Hazell. ""They are three top-class players, especially Worsley and Moody. They have been there and done it,"" Williams added. ""They were back-ups behind Richard Hill, Neil Back and Lawrence Dallaglio, but now they have come forward and proved what good players they are - there are no weaknesses there."" Luscombe gets the nod on the wing ahead of Dragons team-mate Kevin Morgan, who wins a place on the bench alongside uncapped Blues prop John Yapp.
 
 G Thomas (Toulouse (capt); H Luscombe (Dragons), T Shanklin (Blues), G Henson (Ospreys), S Williams (Ospreys); S Jones (Clermont Auvergne), D Peel (Scarlets); G Jenkins (Blues), M Davies (Gloucester), A Jones (Ospreys), B Cockbain (Ospreys), R Sidoli (Blues), D Jones (Scarlets), M Williams (Blues), M Owen (Dragons).
 
 R McBryde (Scarlets), J Yapp (Blues), J Thomas (Ospreys), R Jones (Ospreys), G Cooper (Dragons), C Sweeney (Dragons), K Morgan (Dragons).
",sport
"Mexicans tracking unhappy Juninho
 
 Mexican outfit Red Sharks Veracruz hope to sign Juninho if the Brazilian decides to leave Celtic frustrated at his lack of first-team action.
 
 Their president, Gustavo Parente Sanchez, says Juninho ""does not wish to remain in Scottish football anymore"". Agent Brian Hassell insists that the 31-year-old Brazilian midfielder is determined to win back his place. ""But, if the manager is not going to pick him, that's a different ball game,"" he told The Sun. ""That's something we'd have to look at. Juninho deserves respect. He is not a little kid."" Hassell warns that Juninho could reconsider his future at Celtic unless he is given a run of games by the end of the January transfer window.
 
 Juninho was signed from Middlesbrough during the summer, but he has failed to live up to high expectations and has lost his place to 18-year-old Aiden McGeady. ""He has 50 caps for Brazil and he's the best signing Celtic ever made,"" insisted Hassell. ""He wants to play for Martin O'Neill, but does Martin O'Neill want to play him? ""Juninho is not someone who has come through the Celtic ranks. He deserves much more respect."" Sanchez is bullish about his hopes of prising Juninho from the Scottish champions, although Hassell believes Mexico would not be his preferred destination. ""We have already spoken with Juninho and he said, if he has no firm offer from a club in Spain, Veracruz will be his destination,"" Sanchez told his club's official website. Celtic manager O'Neill is no respecter of reputations. ""The onus is on Juninho to force his way into the team,"" he said. ""Players get a game on merit. That's the way it has always been and that is certainly the case at Celtic Park.""
",sport
"Pearce keen on succeeding Keegan
 
 Joint assistant boss Stuart Pearce has admitted he would like to succeed Kevin Keegan as manager at Manchester City.
 
 Keegan has decided to step down as City manager when his contract comes to an end in 18 months. ""You don't have to be Einstein to realise there will be a manager's job available at a really good club,"" Pearce told BBC GMR. ""I will certainly be applying for it, although whether the board deem me good enough to take it, I do not know."" Pearce initially joined City as a player under Keegan in 2001 before becoming part of the coaching staff. He was promoted to joint assistant-manager following the departure of Arthur Cox last summer.
 
 The former England defender had a year as player-boss with Nottingham Forest eight seasons ago but has made no secret of his desire to have another crack at the job. He was linked with the manager's job at Oldham and Keegan has stated he would not get in the way if Pearce wanted to leave. But it now appears Pearce is keen to wait for his chance at City. He added: ""By that time, I will have been here for five years so at least they will have had a good look at me and they are aware of my feelings with regard to being Kevin's successor. ""Obviously, the issue is out of my hands but it is a fantastic job for anybody - I just hope it will be me.""
",sport
"Beattie return calms attack fears
 
 Everton striker James Beattie has been declared fit for training on Tuesday, despite suffering an alleged assault last Saturday.
 
 Beattie, 27, is not believed to be as seriously hurt as some reports have suggested after being ""the victim of an unprovoked assault"" in Birmingham. He was on a night out with his girlfriend and two friends following Everton's 3-1 win over Aston Villa. ""He was shaken but not badly injured,"" said Everton spokesman Ian Ross. He added: ""He did speak to the police but will not be pressing charges. ""He has spoken to manager David Moyes about what happened."" Beattie was suspended for the win at Aston Villa after his red card against Chelsea and he will be available again for the Merseyside derby at Liverpool on 20 March.
",sport
"Teenager Tait picked for England
 
 Newcastle's teenage centre Mathew Tait has been named as a centre in England's team to face Wales in the Six Nations opener in Cardiff on Saturday.
 
 The 18-year-old will play alongside Falcons' team-mate Jamie Noon in England's midfield. Scrum-half Matt Dawson is also recalled, despite been left out of the initial squad after a row over clashing TV and training commitments. Bath lock Danny Grewcock will also start, pending a possible citing. England coach Andy Robinson has also awarded Gloucester flanker Andy Hazell his first Six Nations start. In another change to the side that lost to Australia in November, Leicester lock Ben Kay replaces Bath second row Steve Borthwick. Robinson was already without Jonny Wilkinson, Mike Tindall, Stuart Abbott, Richard Hill and Will Greenwood, while Mike Catt had been left out of England's squad.
 
 J Robinson (Sale Sharks, capt); M Cueto (Sale Sharks), M Tait (Newcastle), J Noon (Newcastle), J Lewsey (Wasps); C Hodgson (Sale Sharks), M Dawson (Wasps); G Rowntree (Leicester), S Thompson (Northampton), J White (Leicester), D Grewcock (Bath), B Kay (Leicester), L Moody (Leicester), A Hazell (Gloucester), J Worsley (Wasps). Replacements: A Titterrell (Sale Sharks), P Vickery (Gloucester), S Borthwick (Bath), J Forrester (Gloucester), H Ellis (Leicester), O Barkley (Bath), B Cohen (Northampton).
",sport
"O'Driscoll out of Scotland game
 
 Ireland captain Brian O'Driscoll has been ruled out of Saturday's RBS Six Nations clash against Scotland.
 
 O'Driscoll was originally named in the starting line-up but has failed to recover from the hamstring injury he picked up in the win over Italy. His replacement will be named after training on Friday morning. Fellow centre Gordon D'Arcy is also struggling with a hamstring injury and he will undergo a fitness test on Friday to see if he can play.
 
 Kevin Maggs would be an obvious replacement at centre while Shane Horgan could also be moved from wing. Ulster wing Tommy Bowe could also be asked to travel with the squad to Scotland as a precautionary measure. The only other change to the Ireland side sees Wasps flanker Johnny O'Connor replacing Denis Leamy. O'Connor will be winning his third cap after making his debut in the victory over South Africa last November.
 
 : Murphy, Horgan, TBC, D'Arcy, Hickie, O'Gara, Stringer, Corrigan, Byrne, Hayes, O'Kelly, O'Connell, S Easterby, O'Connor, Foley.
 
 : Sheahan, Horan, O'Callaghan, Miller, G Easterby, Humphreys, Dempsey.
",sport
"What now for British tennis?
 
 Tim Henman's decision to quit Davis Cup tennis has left the British team with a gargantuan void to fill.
 
 The world number seven is tied for fourth among his countrymen for wins in the history of the tournament (he has 36 from his 50 rubbers). And Great Britain's last Davis Cup win without Henman came against Slovenia as far back as 1996. Worse could follow, according to former British team member Chris Bailey. Bailey told BBC Sport: ""After Tim's announcement, I doubt Greg Rusedski will be that far behind him."" But without their top two, where does that leave British ambitions in the sport's premier team event? Captain Jeremy Bates has singled out Alex Bogdanovic and Andrew Murray as potential replacements. The Yugoslavian-born Bogdanovic, though, is 184 places below Henman in the world rankings and has played just two cup ties - winning one and losing the other.
 
 Murray, on the other hand, is 407th in the current ATP entry list and yet to make his cup debut. But Bailey does see some hope for the future. He said: ""Now we've dropped down to the Euro-Africa zone, the time was right for him to step down and let the young guys come to the fore."" Britain's next opponents, Israel, are hardly likely to be quaking in their boots ahead of the 4-6 March match against a likely trio of Bogdanovic, Murray and the 187th-ranked Arvind Parmar. Bailey said: ""It will be tough for GB to move up, but there comes a time when our young players have to step up. This was always going to be inevitable with Tim and Greg's growing years. ""I'm confident about the future. I wouldn't lay money on us getting back into the world group next year, but I'd imagine in five years time we'll be competing for the major honours."" Of those lining up to replace Henman, the 17-year-old Murray, with four Futures titles under his belt last year, looks the best long-term bet. ""Murray is the one that looks likeliest to take over Tim's mantle,"" said Bailey. ""He has an enormous amount of self-confidence, judging by what he's said in the past."" Bogdanovic, three years Murray's senior, has had a more troubled time under Britain's Davis Cup umbrella.
 
 While Murray has been marked out as Britain's golden boy, Bogdanovic was warned by the Lawn Tennis Association for a lack of drive at the end of 2003. And Bailey said: ""Despite that, Alex is clearly talented as well, while Arvind is another contender. ""They're among the guys who have experienced the intensity of Davis Cup tennis - whether as players or on the sidelines. ""The LTA has always done an exceptional job of ensuring that. ""Now they'll finally get to play regularly in the cauldron of the cup. And I'm confident that will springboard Team GB to greater success.""
",sport
"Gronkjaer agrees switch to Madrid
 
 Jesper Gronkjaer has agreed a move to Atletico Madrid from Birmingham City.
 
 The 27-year-old winger spent just five months at St Andrews following a Â£2.2m move from Chelsea in July after playing for Denmark at Euro 2004. He is set to move during the January transfer window in a deal rumoured to be about Â£1.4m, subject to a medical. ""We will meet with the player's representative to finalise the contract and decide when he will sign,"" said Atletico sporting director Toni Munoz. Gronkjaer has been targeted by Blues fans and was sarcastically applauded when taken off against Everton last month. Boss Steve Bruce had said that he would be happy to let the Danish international go if the price was right. He added: ""I'm not going to say the decision to let him go is down to the fans' reaction towards him.
 
 ""He has had a tough time since the summer with the loss of his mother and finding it difficult to adjust to a new club and a different area. ""He has been terrific and not missed a day's training and is someone if your daughter brought them home you would be delighted. ""It just hasn't quite worked out here for him. But we'd like to get back most of what we spent.""
",sport
"Cole refuses to blame van Persie
 
 Ashley Cole has refused to blame Robin van Persie for leaving Arsenal with no fully-fit strikers for the FA Cup fifth round replay at Sheffield United.
 
 Van Persie is suspended alongside Dennis Bergkamp and Jose Antonio Reyes after being sent off at Southampton when Arsenal had a numerical advantage. Thierry Henry is ruled out with an Achilles tendon injury but Cole said: ""No-one is putting the blame on Robin. ""It's just something that happens on the spur of the moment."" Cole added: ""I've done it before and I hope they didn't blame me for anything. ""Of course he'll learn. I've been sent off a couple of times now and it's just one of those things when you go a bit crazy for one or two seconds. Freddie Ljungberg is likely to be used in an emergency striking role and will be partnered by either Arturo Lupoli, Quincy Owusu-Abeyie or Jeremie Aliadiere. Gunners boss Arsene Wenger said: ""Freddie is an option but we need a second striker. ""I have to decide whether it will be Aliadiere, Quincy or Lupoli who will start with him up front. Those three will be involved."" Arsenal are also without winger Robert Pires, who sustained an ankle injury at St Mary's. Wenger added: ""It doesn't look like anything is fractured, but it is a good ankle sprain. ""It does not look like Pires will be ready for two to three weeks.""
",sport
"Wenger offers Mutu hope
 
 Arsenal boss Arsene Wenger would consider signing Adrian Mutu once the striker has served his drugs ban.
 
 Mutu was sacked by Chelsea on Friday after testing positive for cocaine - a move Wenger has backed. But he said: ""I don't even wonder if that could happen because I think he will be suspended for a long period. ""But once he has served his suspension, he has the right again to start from zero. I would then meet the player and see what he tells me."" Mutu faces a ban of between six months and two years when the Football Association decides on his punishment. Chelsea decided to act before his case was heard and sacked the striker on grounds of gross misconduct after it was revealed that he had failed a drug test.
 
 But Mutu has hit out at the club's decision, saying: ""Chelsea have destroyed me."" He told the Sunday Mirror: ""I don't know what I'm going to do. I am shocked and surprised by their decision. ""I didn't expect them to pay me while I was suspended but I never thought they would sack me either. ""Why didn't they wait to do this? Now my career is in ruins. ""I might as well walk away from football. What is there left for me?""
 
 Chelsea have been criticised for their stance, with the Professional Footballers' Association accusing the club of failing in their duty of care to the player. And Mutu agreed, adding: ""It is unfair. If they were going to sack me they should have done it afterwards. ""Why did they go public? To make an example of me? It makes it very difficult for me now.""
",sport
"Connors boost for British tennis
 
 Former world number one Jimmy Connors is planning a long-term relationship with the Lawn Tennis Association to help unearth the next Tim Henman.
 
 The American spent three days at the LTA's annual Elite Performance winter camp in La Manga earlier this week. ""Britain has the right attitude,"" said Connors. ""The more involved I can be with the LTA, the better. ""A short-term arrangement is just confusing. The kids will ask: 'What am I doing there?'"" LTA chief executive, John Crowther, added: ""The relationship that Jimmy's already started to develop with the coaches and the players has said to us that we'd like some more of it. ""We want to use Jimmy for a number of weeks a year and we hope this is the beginning of a good long-term relationship.""
 
 The camp played host to more than 30 leading senior and junior players, including Greg Rusedski, Arvind Parmar and Anne Keothavong. ""La Manga is an amazing site to take a bunch of kids who want to be the best,"" said Connors, speaking at Queen's Club in London. ""What impressed me most was not only the coaches but the way the kids went about their workouts and the feeling they put into every practice they had. ""It was interesting to me to see kids of 15, 16, 17, with that desire and passion, and that can only be brought about by the coaches surrounding them. ""Instilling the importance of work and practice is something you can't buy. ""They know what's been given to them and all they have to do is give back the effort, and every minute of practice they were doing that.""
 
 Speaking from La Manga, LTA performance director David Felgate told BBC Sport: ""Jimmy was fantastic with the players and the coaches, and very humble considering what he's achieved. ""He worked through the coaches and hopefully it will grow and he'll get to have more of an individual relationship with some of the players and get to know them. ""He made it clear from the word go he didn't want it to be short-term. This is a 52-week-a-year job for me, it's my life and my passion and it's the same with the coaches. ""He respects that but he wants to be involved and have real input. And why would he stake his reputation on something that's not going to be successful?"" Connors has also agreed to commentate for the BBC at next year's Wimbledon Championships. He will work during the second week of the tournament.
",sport
"GB quartet get cross country call
 
 Four British athletes have been pre-selected to compete at the World Cross Country Championships in March after impressive starts to the season.
 
 Hayley Yelling, Jo Pavey, Karl Keska and Adam Hickey will represent Team GB at the event in France. Yelling clinched the women's European cross country title last month and Pavey followed up with bronze. Keska helped the men's team to overall third place while Hickey finished in 10th place on his junior debut. ""Winning the European cross country title meant so much to me,"" said Yelling. ""And being pre-selected for the Worlds means that I can focus on preparing in the best way possible."" The 32-year-old will race alongside Olympic 5,000m finalist Pavey in the women's 8km race on 19 March. Keska, who has made a successful return from a long-term injury lay-off, contests the men's 12km race on 20 March, while 16-year-old Hickey goes in the junior men's 8km on the same day. The rest of the team will be named after the trials at Wollaton Park in Nottingham, which take place on 5 March.
",sport
"Bates seals takeover
 
 Ken Bates has completed his takeover of Leeds United.
 
 The 73-year-old former Chelsea chairman sealed the deal at 0227 GMT on Friday, and has bought a 50% stake in the club. He said: ""I'm delighted to be stepping up to the mantel at such a fantastic club. I recognise Leeds as a great club that has fallen on hard times. ""We have a lot of hard work ahead to get the club back where it belongs in the Premiership, and with the help of our fans we will do everything we can."" Bates bought his stake under the guise of a Geneva-based company known as The Forward Sports Fund. He revealed that part of his plan is to buy back Leeds' Elland Road stadium and Thorp Arch training ground in due course.
 
 ""It's going to be a tough jon and the first task is to stabilise the cash flow and sort out the remaining creditors,"" Bates added. ""But there is light at the end of a very long tunnel. For the past year it has been a matter of firefighting - now we can start running the club again."" Outgoing Leeds chairman Gerald Krasner said: ""This deal ensures the medium to long term survival of the club and I believe Mr Bates' proposals are totally for the benefit of the club. ""We are content that under Mr Bates, Leeds United will continue to consolidate and move forward. ""When we took over Leeds United in March 2004, the club had a debt of Â£103m, since that date, my board has succeeded in reducing the debt to under Â£25m. ""We worked tirelessly to solve all of the problems at Leeds United. ""Eighty percent of the problems have already been overcome and we came to this agreement with Mr Bates to secure its ongoing success."" Krasner revealed that his consortium has been asked to remain in the background at the club for an undisclosed period to help ensure a smooth hand-over. He will stay on in an unpaid capacity while Peter Lorimer will continue in his role as director and point of contact for the fans and Peter McCormick will serve as a consultant to the incoming board. The other outgoing directors have agreed to leave their loans of Â£4.5m in the company for the next four years. On Leeds' new-look board it is understood that Lorimer will be joined by former Chelsea finance director Yvonne Todd and Bates' lawyer Mark Taylor.
 
 Krasner refused to give any details of the finances involved in the takeover. He told BBC Five Live: ""I am not going into the figures. If Ken wants to give them up that is up to him. I can not tell you what the money will be used for. ""This dea l is not about money for the current board. In the last four months I never saw any cheques until this week from one person. I am not stretching figures, we don't discuss internal arrangements."" Bates stepped down as Chelsea chairman in March last year following Roman Abramovich's Â£140m takeover at Stamford Bridge. In May, he made a proposal to invest Â£10m in Sheffield Wednesday, but this was rejected by the club. Sebastien Sainsbury had been close to a takeover of Leeds but withdrew his Â£25m offer last week.
 
 His efforts failed after he revealed it would take Â£40m to stage a takeover, and that the club will also lose Â£10m over the next six months. The club was on the brink of administration - and the deduction of 10 points by the Football League - before Bates' arrival but his investment has spared them that prospect.
",sport
"Bees handed potential Man Utd tie
 
 Brentford face a home tie against holders Manchester United in the FA Cup sixth round if they can come through their replay against Southampton.
 
 The League One side held the Saints at St Mary's in their fifth-round tie and were rewarded with a potential draw against Sir Alex Ferguson's side. Newcastle will be at home to either Tottenham or Nottingham Forest. Bolton host Arsenal or Sheffield United and Leicester will visit the winners of the Burnley and Blackburn replay. The ties will be played on the weekend of 12-13 March.
 
 was delighted to be paired with United, although he admitted they still have plenty of work to do to set up a dream tie. ""We've got our work cut out next Tuesday but you can't deny it's exciting,"" he said.
 
 ""It would be a sell-out. It will probably be on television. We have financial problems and the revenue it could bring in would certainly help our situation. ""We're happy to be in the draw but we've still got to beat a Premiership team. ""We've got to beat Southampton first and that's going to be a hard game but if we do there will be some celebration.""
 
 welcomed the opportunity to face United. ""We're not counting on anything yet,"" he said. ""It is obviously going to be a difficult replay judging by the way Brentford came back at us on Saturday and the fact that United have come out of the hat will give them even more incentive. ""But I've been drawn against United so many times in cups and beaten them at both Bournemouth and West Ham. ""There are no easy ties in the FA Cup and I'm sure nobody is counting on one.""
 
 Newcastle v Tottenham or Nottingham Forest
 
 Southampton or Brentford v Manchester United
 
 Bolton v Arsenal or Sheffield United
 
 Burnley or Blackburn v Leicester
",sport
"US consumer confidence up
 
 Consumers' confidence in the state of the US economy is at its highest for five months and they are optimistic about 2005, an influential survey says.
 
 The feel-good factor among US consumers rose in December for the first time since July according to new data. The Conference Board survey of 5,000 households pointed to renewed optimism about job creation and economic growth. US retailers have reported strong sales over the past 10 days after a slow start to the crucial festive season.
 
 According to figures also released on Tuesday, sales in shopping malls in the week to 25 December were 4.3% higher than in 2003 following a last minute rush. Wal-Mart, the largest US retailer, has said its December sales are expected to be better than previously forecast because of strong post-Christmas sales.
 
 It is expecting annual sales growth of between 1% and 3% for the month. Consumer confidence figures are considered a key economic indicator because consumer spending accounts for about two thirds of all economic activity in the United States. ""The continuing economic expansion, combined with job growth, has consumers ending this year on a high note,"" said Lynn Franco, director of the Conference Board's consumer research centre. ""And consumers' outlook suggests that the economy will continue to expand in the first half of next year."" The overall US economy has performed strongly in recent months, prompting the Federal Reserve to increase interest rates five times since June.
",business
"The 'ticking budget' facing the US
 
 The budget proposals laid out by the administration of US President George W Bush are highly controversial. The Washington-based Economic Policy Institute, which tends to be critical of the President, looks at possible fault lines. US politicians and citizens of all political persuasions are in for a dose of shock therapy. Without major changes in current policies and political prejudices, the federal budget simply cannot hold together. News coverage of the Bush budget will be dominated by debates about spending cuts, but the fact is these will be large cuts in small programs. From the standpoint of the big fiscal trends, the cuts are gratuitous and the big budget train wreck is yet to come. Under direct threat will be the federal government's ability to make good on its debts to the Social Security Trust Fund. As soon as 2018, the fund will begin to require some cash returns on its bond holdings in order to finance all promised benefits.
 
 The trigger for the coming shock will be rising federal debt, which will grow in 10 years, by conservative estimates, to more than half the nation's total annual output.
 
 This upward trend will force increased borrowing by the federal government, putting upward pressure on interest rates faced by consumers and business. Even now, a growing share of US borrowing is from abroad. The US Government cannot finance its operations without heavy borrowing from the central banks of Japan and China, among other nations. This does not bode well for US influence in the world. The decline of the dollar is a warning sign that current economic trends cannot continue. The dollar is already sinking. Before too long, credit markets are likely to react, and interest rates will creep upwards. That will be the shock.
 
 Interest-sensitive industries will feel pain immediately - sectors such as housing, automobiles, other consumer durables, agriculture, and small business. Some will recall the news footage of angry farmers driving their heavy equipment around the US Capitol in the late 1970s. There will be no need for constitutional amendments to balance the budget. The public outcry will force Congress to act. Whether it will act wisely is another matter. How did this happen?
 
 By definition, the deficit means too little revenue and too much spending - but this neutral description doesn't adequately capture the current situation. Federal revenues are at 1950s levels, while spending remains where it has been in recent decades - much higher. In addition, the United States has two significant military missions. The Bush administration's chosen remedy is the least feasible one. Reducing domestic spending, or eliminating ""waste, fraud and abuse"" is toothless because this slice of the budget is too small to solve the problem. Indeed, if Congress were rash enough to balance the budget in this way, there would hardly be any such spending left. Law enforcement, space exploration, environmental clean-up, economic development, the Small Business Administration, housing, veterans' benefits, aid to state and local governments would all but disappear. It's fantasy to think these routine government functions could be slashed. The biggest spending growth areas are defence (including homeland security), and health care for the elderly and the poor. To some extent, increases in these areas are inevitable. The US population is aging, and the nation does face genuine threats in the world. But serious savings can only be found where the big money is. Savings in health care spending that do not come at the expense of health can only be achieved with wholesale reform of the entire system, public and private. Brute force budget cuts or spending caps would ill-serve the nation's elderly and indigent.
 
 On the revenue side, the lion's share of revenue lost to tax cuts enacted since 2000 will have to be replaced.
 
 Some rearranging could hold many people harmless and focus most of the pain on those with relatively high incomes. Finally, blind allegiance to a balanced budget will have to be abandoned. There is no good reason to fixate on it, anyway. Moderate deficits and slowly rising federal debt can be sustained indefinitely. Borrowing for investments in education and infrastructure that pay off in future years makes sense. The sooner we face that reality, the sooner workable reforms can be pursued. First on the list should be tax reform to raise revenue, simplify the tax code, and restore some fairness eroded by the Bush tax cuts. Second should be a dispassionate re-evaluation of the huge increase in defence spending over the past three years, much of it unrelated to Afghanistan, Iraq, or terrorism. Third must be the start of a serious debate on large-scale health care reform. One thing is certain - destroying the budget in order to save it is not going to equip the US economy and government for the challenges of this new century.
",business
"Mitsubishi in Peugeot link talks
 
 Trouble-hit Mitsubishi Motors is in talks with French carmaker PSA Peugeot Citroen about a possible alliance.
 
 On Tuesday Mitsubishi, the only major Japanese car firm in the red, confirmed earlier reports of negotiations. But a spokesman refused to comment on speculation that Mitsubishi could end up building cars for PSA and perhaps its Japanese rival Nissan. Mitsubishi has been hit by a recall scandal and the withdrawal of support from shareholder DaimlerChrysler. The US-German firm, once a majority shareholder, decided last April to stop providing financial backing. Mitsubishi's sales have slid 41% in the past year, catalysed by the revelation that the company had systematically been hiding records of faults and then secretly repairing vehicles. Mitsubishi is due to unveil a recovery plan later in January. Analysts said that alliances with other carmakers would be a necessary part of whatever it came up with, not least because its own slow sales have left its manufacturing capacity under-used.
",business
"BMW reveals new models pipeline
 
 BMW is preparing to enter the market for car-style people carriers, the firm's chief has told BBC News.
 
 Speaking at a BMW event ahead of the Geneva motor show, Helmut Panke predicted demand for such crossover vehicles would soar in Europe. In contrast, he said, the popularity of van-style seven-seat vehicles and traditional saloon cars would fade. ""Customers are moving out of the mini-van (and) traditional concepts are not as attractive anymore,"" he said. ""We have decided that BMW will enter the [crossover] segment,"" he said in the clearest indication yet about the car maker's intentions.
 
 Mr Panke praised the Honda Accura as the ""best execution"" yet of a crossover vehicle. ""We have decided that the BMW brand will enter the segment,"" he said.
 
 A decision on just how BMW will manage its entry into the new market is due in the first half of 2005. Typically it takes about three years from when a decision is taken before a new model hits the streets, Mr Panke said, implying that a BMW crossover could be on the market by 2008. The coming switch is driven in part by the need for successful carmakers to stay aware of trans-Atlantic differences in the car market, Mr Panke insisted. While in the US drivers tend to prefer sports utility vehicles (SUVs), such as the BMW X5 and its sibling X3, in Europe demand for crossover vehicles is likely to be considerable, Mr Panke said. ""There's a growing market here,"" he said. ""We are going to go that way.""
",business
"World leaders gather to face uncertainty
 
 More than 2,000 business and political leaders from around the globe are arriving in the Swiss mountain resort Davos for the annual World Economic Forum (WEF). For five days, they will discuss issues ranging from China's economic power to Iraq's future after this Sunday's elections. UK Prime Minister Tony Blair and South African President Thabo Mbeki are among the more than 20 government leaders and heads of state leaders attending the meeting. Unlike previous years, protests against the WEF are expected to be muted. Anti-globalisation campaigners have called off a demonstration planned for the weekend.
 
 The Brazilian city of Porto Alegre will host the rival World Social Forum, timed to run in parallel with the WEF's ritzier event in Davos.
 
 The organisers of the Brazilian gathering, which brings together thousands of campaigners against globalisation, for fair trade, and many other causes, have promised to set an alternative agenda to that of the Swiss summit. However, many of the issues discussed in Porto Alegre are Davos talking points as well. ""Global warming"" features particularly high. WEF participants are being asked to offset the carbon emissions they cause by travelling to the event. Davos itself is in deep frost. The snow is piled high across the mountain village, and at night the wind chill takes temperatures down to minus 20C and less.
 
 Ultimately, the forum will be dominated by business issues - from outsourcing to corporate leadership - with bosses of more than a fifth of the world's 500 largest companies scheduled to attend.
 
 But much of the media focus will be on the political leaders coming to Davos, not least because the agenda of this year's forum seems to lack an overarching theme. ""Taking responsibility for tough choices"" is this year's official talking point, hinting at a welter of knotty problems. One thing seems sure, though: transatlantic disagreements over how to deal with Iran, Iraq and China are set to dominate discussions. Pointedly, only one senior official from President Bush's new administration is scheduled to attend. The US government may still make a conciliatory gesture, just as happened a year ago when Vice President Dick Cheney made a surprise appearance in Davos.
 
 Ukraine's new president, Viktor Yushchenko, is to speak, just days after his inauguration, an event that crowned the civil protests against the rigged first election that had tried to keep him from power.
 
 The European Union's top leaders, among them German Chancellor Gerhard Schroeder and European Commission President Manuel Barosso, will be here too. Mr Blair will formally open the proceedings, although his speech will be pre-empted by French President Jacques Chirac, who announced his attendance at the last minute and secured a slot for a ""special message"" two hours before Mr Blair speaks. The organisers also hope that the new Palestinian leader, Mahmoud Abbas, will use the opportunity for talks with at least one of the three Israeli deputy prime ministers coming to the event, a list that includes Shimon Peres. Davos fans still hark back to 1994, when talks between Yassir Arafat and Mr Peres came close to a peace deal. Mr Blair's appearance will be keenly watched too, as political observers in the UK claim it is a calculated snub against political rival Chancellor Gordon Brown, who was supposed to lead the UK government delegation.
 
 Microsoft founder Bill Gates, the world's richest man and a regular at Davos, will focus on campaigning for good causes, though business interests will not be wholly absent either. Having already donated billions of dollars to the fight against Aids and Malaria, Mr Gates will call on world leaders to support a global vaccination campaign to protect children in developing countries from easily preventable diseases. On Tuesday, Mr Gates pledged $750m (Â£400m) of his own money to support the cause. Mr Gates' company, software giant Microsoft, also hopes to use Davos to shore up its defences against open source software like Linux, which threaten Microsoft's near monopoly on computer desktops. Mr Gates is said to be trying to arrange a meeting with Brazil's President Lula da Silva. The Brazilian government has plans to switch all government computers from Microsoft to Linux. At Davos, global problem solving and networking are never far apart.
",business
"Madagascar completes currency switch
 
 Madagascar has completed the replacement of its Malagasy franc with a new currency, the ariary.
 
 From Monday, all prices and contracts will have to be quoted in the ariary, which was trading at 1,893 to the US dollar. The Malagasy franc, which lost almost half its value in 2004, is no longer legal tender but will remain exchangeable at banks until 2009. The phasing out of the franc, begun in July 2003, was intended to distance the country from its past under French colonial rule and address the problem of the large amount of counterfeit francs in circulation. ""It's above all a question of sovereignty,"" Reuters quoted a central bank official as saying. ""It is symbolic of our independence from the old colonial ways. Since we left the French monetary zone in 1973 we should have our own currency with its own name."" The ariary was the name of a pre-colonial currency in the Indian Ocean island state.
",business
"Troubled Marsh under SEC scrutiny
 
 The US stock market regulator is investigating troubled insurance broker Marsh & McLennan's shareholder transactions, the firm has said.
 
 The Securities and Exchange Commission has asked for information about transactions involving holders of 5% or more of the firm's shares. Marsh has said it is co-operating fully with the SEC investigation. Marsh is also the focus of an inquiry the New York attorney-general into whether insurers rigged the market. Since that inquiry was launched in October, Marsh has replaced its chief executive and held a boardroom shake-out to meet criticism by lessening the number of company executives on the board. Prosecutors allege that Marsh - the world's biggest insurance broker - and other US insurance firms may have fixed bids for corporate cover. This is the issue at the heart of the inquiry by New York's top law officer, Eliot Spitzer, and a separate prosecution of five insurers by the State of California. The SEC's investigation into so-called related party transactions includes dealings in the Trident Funds, managed by MMC Capital, the company's private equity firm. Marsh's new chief executive, Michael Cherkasky, is trying to negotiate a settlement with Mr Spitzer. Mr Spitzer has built up a reputation as a fierce critic and campaigner against corporate America's misdeeds.
 
 The uncertainty unleashed by the scandal has prompted three credit rating agencies - Standard & Poor's, Moody's and Fitch - to downgrade Marsh in recent weeks. According to the Financial Times, insurance analysts are now questioning whether Marsh will be able to maintain its strong record of earning growth as they draw up forecasts for the first quarter of next year. Doubts also exist over how much the company may have to pay regulators and lawyers to put the scandal behind.
",business
"India power shares jump on debut
 
 Shares in India's largest power producer, National Thermal Power Corp (NTPC) have risen 13% on their stock market debut.
 
 The government's partial sell-off of NTPC is part of a controversial programme to privatise state-run firms. The 865 million share offer, a mix of new shares and sales by the government, raised 54bn rupees($1.2bn). It was India's second $1bn stock debut in three months, coming after the flotation by software firm Tata. The share offer was eleven times oversubscribed. ""It is a good investment bet,"" said Suhas Naik, an investment analyst from ING Mutual Fund. ""Power needs in India are set to rise and NTPC will benefit from that."" Analysts say the success of the NTPC flotation would encourage the government to reduce stakes in more power companies. NTPC has said it will use the money from the share sale to feed the growing needs of the country's energy-starved economy. The firm is the largest utility company in India, and the sixth largest power producer in the world.
",business
"Market unfazed by Aurora setback
 
 As the Aurora limped back to its dock on 20 January, a blizzard of photos and interviews seemed to add up to an unambiguous tale of woe.
 
 The ship had another slice of bad luck to add to its history of health scares and technical trouble. And its owner, P&O Cruises - now part of the huge US Carnival Corporation - was looking at a significant slice chopped off this year's profits and a potential PR fiasco. No-one, however, seems to have told the stock markets. The warning of a five-cent hit to 2005 earnings came just 24 hours after one of the world's biggest investment banks had upped its target for Carnival's share price, from Â£35 to Â£36.20. Other investors barely blinked, and by 1300 GMT Carnival's shares in London were down a single penny, or 0.03%, at Â£32.26.
 
 Why the mismatch between the public perception and the market's response? ""The Aurora issue had been an ongoing one for some time,"" says Deutsche Bank's Simon Champion. ""It was clearly a source of uncertainty for the company - it was a long cruise, after all. But the stock market is very good at treating these issues as one-off events.""
 
 Despite its string of bad luck, he pointed out, Aurora is just one vessel in a large Carnival fleet, the UK's P&O Princess group having been merged into the much larger US firm in 2003. And generally speaking, Carnival has a reputation for keeping its ships pretty much on schedule. ""Carnival has an incredibly strong track record,"" Mr Champion.
 
 Similarly, analysts expect the impact on the rest of the cruise business to be limited. The hundreds of disappointed passengers who have now had to give up the opportunity to spend the next three months on the Aurora have got both a refund and a credit for another cruise. That should mitigate some of the PR risk, both for Carnival and its main competitor, Royal Caribbean. ""While not common, cancellations for technical reasons are not entirely unusual in the industry,"" wrote analysts from Citigroup Smith Barney in a note to clients on Friday. ""Moreover, such events typically have a limited impact on bookings and pricing for future cruises."" After all, the Aurora incident may be big news in the UK - but for Carnival customers elsewhere it's unlikely to make too much of a splash.
 
 Assuming that Citigroup is right, and demand stays solid, the structure of the industry also works in Carnival's favour. In the wake of P&O Princess's takeover by Carnival, the business is now to a great extent a duopoly. Given the expense of building, outfitting and running a cruise ship, ""slowing supply growth"" is a certainty, said David Anders at Merrill Lynch on Thursday. In other words, if you do want a cruise, your options are limited. And with Carnival remaining the market leader, it looks set to keep selling the tickets - no matter what happens to the ill-fated Aurora in the future.
",business
"French consumer spending rising
 
 French consumers increased their spending by 1.5% in January, a figure which bodes well for the country's economic growth, figures revealed.
 
 The National Statistic Institute (INSEE) added that consumer spending in January rose 3.8% on a year-on-year basis. Rising sales of household equipment were behind the increase. The INSEE also said that French consumer prices fell 0.6% in January, but were up 1.6% on an annual basis.
 
 Despite the general increase in spending in January, French households bought fewer cars in January. According to the INSEE, car sales fell 2.8% in January, following a fall of 0.6% in December. But on a year-on-year basis, the sector still saw a sales increase of 6.5%. Consumer spending fuelled France's economic growth in the last quarter of 2004 and analysts expect that it will continue to support the economy. ""It's a growth that will remain fragile and vulnerable to risks like a strong rise in long-term interest rates, tension in the oil price,"" Emmanuel Ferry, from Exane BNP Paribas told Reuters news agency.
 
 Meanwhile in Italy, consumer confidence rose to its highest level since October 2004. Economic research group ISAE has said that Italian consumer confidence rose to 104.4 from 103.3, despite a slight deterioration in short-term sentiment.
",business
"Mild winter drives US oil down 6%
 
 US oil prices have fallen by 6%, driven down by forecasts of a mild winter in the densely populated northeast.
 
 Light crude oil futures fell $2.86 to $41.32 a barrel on the New York Mercantile Exchange (Nymex), and have now lost $4 in five days. Nonetheless, US crude is still 30% more expensive than at the beginning of 2004, boosted by growing demand and bottlenecks at refineries. Traders ignored the possible effects of Asia's tidal waves on global supplies.
 
 Instead, the focus is now on US consumption, which is heavily influenced in the short term by the weather. ""With the revised milder temperatures... I'm more inclined to think we'll push lower and test the $40-40.25 range,"" said John Brady of ABN AMRO. ""The market definitely feels to be on the defensive."" Statistics released last week showed that stockpiles of oil products in the US had risen, an indication that severe supply disruptions may not arise this winter, barring any serious incident. Oil prices have broken records in 2004, topping $50 a barrel at one point, driven up by a welter of worries about unrest in Iraq and Saudi Arabia, rising demand and supply bottlenecks. London's International Petroleum Exchange remained closed for the Christmas holiday.
",business
"US firm 'bids for Lacroix label'
 
 A US firm has said it is in final negotiations with luxury goods group LVMH to buy the loss-making Christian Lacroix haute-couture house.
 
 Paris-based LVMH has been selling non-core businesses and focusing on its most profitable labels including Moet & Chandon champagne and Louis Vuitton. Privately-held Falic Group bought two cosmetics brands, Hard Candy and Urban Decay, from LVMH in early 2003. The Florida company also own a chain of 90 duty free stores in the US. LVMH refused to comment on the reports. But one of the three brothers behind the Falic Group said the firm had also held talks with the designer Christian Lacroix, and wished to retain him. ""We are buying his name,"" Simon Falic told the Reuters news agency. ""We have plans to increase the exposure of the brand and increase the volume of business.""
",business
"Wal-Mart fights back at accusers
 
 Two big US names have launched advertising campaigns to ""set the record straight"" about their products and corporate behaviour.
 
 The world's biggest retailer Wal-Mart took out more than 100 full page adverts in national newspapers. The group is trying to see off criticism over it pay deals, benefits package and promotion strategy. Meanwhile, drugs group Eli Lilly is planning a campaign against ""false"" claims about its product Prozac. Wal-Mart kicked off the battle with adverts in newspapers like the Wall Street Journal, using an open letter from company president Lee Scott saying it was time for the public to hear the ""unfiltered truth"".
 
 ""There are lots of 'urban legends' going around these days about Wal-Mart, but facts are facts. Wal-Mart is good for consumers, good for communities and good for the US economy,"" Mr Scott said in a separate statement.
 
 Its adverts - and a new website - outlined the group's plans to create more than 10,000 US jobs in 2005. Wal-Mart's average pay is almost twice the national minimum wage of $5.15 (Â£3.90) an hour, while employees are offered health and life insurance, company stock and a retirement plan, the adverts say. Unions accuse Wal-Mart of paying staff less than its rivals do, with fewer benefits. In California, the company is fighting opposition to new stores amid allegations it forces local competitors out of business. Lawmakers in the state are also examining allegations that the firm burdens the state with an unfair proportion of employee health care costs. ""I think they are going to have a tough time suddenly overcoming the perceptions of some people,"" said Larry Bevington, chairman of Save Our Community - a group fighting to prevent Wal-Mart opening a store in Rosemead, California. Wal-Mart is also fighting two lawsuits - one accusing it of discriminating against women and another alleging it discriminates against black employees.
 
 Meanwhile Eli Lilly is launching a series of adverts in a dozen major newspapers, to present what is says are the true facts about its anti-depressant drug Prozac.
 
 The move is in response to a British Medical Journal article that claimed ""missing"" Lilly documents linked Prozac to suicide and violent behaviour. In the averts, entitled An Open Letter from chief executive Sidney Taurel, the company says the article continues to ""needlessly spread fear among patients who take Prozac"". ""It was simply wrong to suggest that information on Prozac was missing, or that important research data on the benefits and possible side effects of the drug were not available to doctors and regulators,"" the letter added. Eli Lilly's chief medical officer Alan Breier said that the article was ""false and misleading"" as the documents it referred to were actually created by officials at the US Food and Drug Administration (FDA) and presented to an FDA meeting in 1991. Later, FDA medical advisors agreed the claims were based on faulty data and there was no increased risk of suicide.
",business
"Troubled Marsh under SEC scrutiny
 
 The US stock market regulator is investigating troubled insurance broker Marsh & McLennan's shareholder transactions, the firm has said.
 
 The Securities and Exchange Commission has asked for information about transactions involving holders of 5% or more of the firm's shares. Marsh has said it is co-operating fully with the SEC investigation. Marsh is also the focus of an inquiry the New York attorney-general into whether insurers rigged the market. Since that inquiry was launched in October, Marsh has replaced its chief executive and held a boardroom shake-out to meet criticism by lessening the number of company executives on the board. Prosecutors allege that Marsh - the world's biggest insurance broker - and other US insurance firms may have fixed bids for corporate cover. This is the issue at the heart of the inquiry by New York's top law officer, Eliot Spitzer, and a separate prosecution of five insurers by the State of California. The SEC's investigation into so-called related party transactions includes dealings in the Trident Funds, managed by MMC Capital, the company's private equity firm. Marsh's new chief executive, Michael Cherkasky, is trying to negotiate a settlement with Mr Spitzer. Mr Spitzer has built up a reputation as a fierce critic and campaigner against corporate America's misdeeds.
 
 The uncertainty unleashed by the scandal has prompted three credit rating agencies - Standard & Poor's, Moody's and Fitch - to downgrade Marsh in recent weeks. According to the Financial Times, insurance analysts are now questioning whether Marsh will be able to maintain its strong record of earning growth as they draw up forecasts for the first quarter of next year. Doubts also exist over how much the company may have to pay regulators and lawyers to put the scandal behind.
",business
"Russia WTO talks 'make progress'
 
 Talks on Russia's proposed membership of the World Trade Organisation (WTO) have been ""making good progress"" say those behind the negotiations.
 
 But the chairman of the working party, Ambassador Stefan Johannesson of Iceland, warned that there was ""still a lot of work has to be done"". His comments came as President George W Bush said the US backed Russian entry. But he said for Russia to make progress the government must ""renew a commitment to democracy and the rule of law"". His comments come three days before he is due to meet President Vladimir Putin.
 
 Russia has been waiting for a decade to join the WTO and hopes to finally become a member by early 2006. A decision could be reached in December, when the WTO's 148 current members gather for a summit in Hong Kong. That would allow an earliest date for membership of January 2006, if the Hong Kong summit gave its approval. While pinpointing several areas in which there are difficulties in the bilateral and multilateral work with Russia, the US said the meeting was ""much more efficient than we've seen for some time"". And Australia said it was ""one of the best (meetings) we can recall in terms of substance"". Mr Johannesson also said progress ""on the bilateral market access side is accelerating"". Sticking points to membership have included limits on foreign ownership in the telecommunications and life insurance businesses, as well as issues surrounding counterfeiting, piracy, and data protection. Some WTO members also dislike Russia's energy price subsidies, which competitors say give Russian businesses an unfair advantage.
",business
"Novartis hits acquisition trail
 
 Swiss drugmaker Novartis has announced 5.65bn euros ($7.4bn; Â£3.9bn) of purchases to make its Sandoz unit the world's biggest generic drug producer.
 
 Novartis, which last month forecast record sales for 2005, said it had bought all of Germany's Hexal. It also acquired 67.7% of Hexal's US affiliate Eon Labs, and offered to buy the remaining shares for $31 each. Novartis said that it would be able to make cost savings of about $200m a year following the acquisitions. Novartis' shares rose 1% to 57.85 Swiss francs in early trading.
 
 The deal will see Novartis' Sandoz business overtake Israel's Teva Pharmaceuticals as the world's biggest maker of generics. Based on 2004 figures the newly merged producer would have sales of more than $5bn, the company estimated. Novartis said that it would merge a number of departments, adding that there may be job cuts.
 
 ""The strong growth outlook for Sandoz, which will create jobs, is expected to partially compensate for necessary reductions in the work force,"" the firm said in a statement. Generic drugs are chemically identical to their more expensive branded rivals. Producers such as Sandoz can copy the branded products usually after their patent protection expires and can sell them more cheaply as they do not have to pay research and development cost.
 
 There are more than 150 generic drugmakers worldwide and analysts have predicted consolidation in a market that they call fragmented. However, not all analysts were initially convinced about the deal. ""This is a very expensive acquisition,"" Birgit Kuhlhoff, from Sal Oppenheim investment bank, told Reuters. ""I find it strange that they are making acquisitions in exactly those markets where they suffered price pressure.""
",business
"Wall Street cool to eBay's profit
 
 Shares in online auction house eBay fell 9.8% in after-hours trade on Wednesday, after its quarterly profits failed to meet market expectations.
 
 Despite seeing net profits rise by 44% to $205.4m (Â£110m) during October to December, from $142m a year earlier, Wall Street had expected more. EBay stock fell to $92.9 in after-hours trade, from a $103.05 end on Nasdaq. EBay's net revenue for the quarter rose to $935.8m from $648.4m, boosted by growth at its PayPal payment service.
 
 Excluding special items, eBay's profit was 33 cents a share, but analysts had expected 34 cents.
 
 ""I think Wall Street has gotten a bit ahead of eBay this quarter and for the 2005 year."" said Janco Partners analyst Martin Pyykkonen. For 2004 as a whole, eBay earned $778.2m on sales of $3.27bn. EBay president and chief executive Meg Whitman called 2004 an ""outstanding success"" that generated ""tremendous momentum"" for 2005. ""I'm more confident than ever that the decisions and investments we're making today will ensure a bright future for the company and our community of users around the world,"" she said. EBay now forecasts 2005 revenue of $4.2bn to $4.35bn and earnings excluding items of $1.48 to $1.52 per share. Analysts had previously estimated that eBay would achieve 2005 revenues of $4.37bn and earnings of $1.62 per share, excluding items.
",business
"Worldcom boss 'left books alone'
 
 Former Worldcom boss Bernie Ebbers, who is accused of overseeing an $11bn (Â£5.8bn) fraud, never made accounting decisions, a witness has told jurors.
 
 David Myers made the comments under questioning by defence lawyers who have been arguing that Mr Ebbers was not responsible for Worldcom's problems. The phone company collapsed in 2002 and prosecutors claim that losses were hidden to protect the firm's shares. Mr Myers has already pleaded guilty to fraud and is assisting prosecutors.
 
 On Monday, defence lawyer Reid Weingarten tried to distance his client from the allegations. During cross examination, he asked Mr Myers if he ever knew Mr Ebbers ""make an accounting decision?"". ""Not that I am aware of,"" Mr Myers replied. ""Did you ever know Mr Ebbers to make an accounting entry into Worldcom books?"" Mr Weingarten pressed. ""No,"" replied the witness. Mr Myers has admitted that he ordered false accounting entries at the request of former Worldcom chief financial officer Scott Sullivan. Defence lawyers have been trying to paint Mr Sullivan, who has admitted fraud and will testify later in the trial, as the mastermind behind Worldcom's accounting house of cards.
 
 Mr Ebbers' team, meanwhile, are looking to portray him as an affable boss, who by his own admission is more PE graduate than economist. Whatever his abilities, Mr Ebbers transformed Worldcom from a relative unknown into a $160bn telecoms giant and investor darling of the late 1990s. Worldcom's problems mounted, however, as competition increased and the telecoms boom petered out. When the firm finally collapsed, shareholders lost about $180bn and 20,000 workers lost their jobs. Mr Ebbers' trial is expected to last two months and if found guilty the former CEO faces a substantial jail sentence. He has firmly declared his innocence.
",business
"MCI shares climb on takeover bid
 
 Shares in US phone company MCI have risen on speculation that it is in takeover talks.
 
 The Wall Street Journal reported on Thursday that Qwest has bid $6.3bn (Â£3.4bn) for MCI. Other firms have also expressed an interest in MCI, the second-largest US long-distance phone firm, and may now table rival bids, analysts said. Shares in MCI, which changed its name from Worldcom when it emerged from bankruptcy, were up 2.4% at $20.15. Press reports suggest that Qwest and MCI may reach an agreement as early as next week, although rival bids may muddy the waters. The largest US telephone company Verizon has previously held preliminary merger discussions with MCI, Reuters quoted sources as saying.
 
 Consolidation in the US telecommunications industry has picked up in the past few months as companies look to cut costs and boost client bases. A merger between MCI and Qwest would be the fifth billion-dollar telecoms deal since October. Last week, SBC Communications agreed to buy its former parent and phone trailblazer AT&T for about $16bn. Competition has intensified and fixed-line phone providers such as MCI and AT&T have seen themselves overtaken by rivals. Buying MCI would give Qwest, a local phone service provider, access to MCI's global network and business-based subscribers. MCI also offers internet services.
 
 MCI was renamed after it emerged from Chapter 11 bankruptcy protection in April last year. It hit the headlines as Worldcom in 2002 after admitting it illegally booked expenses and inflated profits. The scandal was a key factor in a global slide in share prices and the reverberations are still being felt today. Shareholders lost about $180bn when the company collapsed, while 20,000 workers lost their jobs. Former Worldcom boss Bernie Ebbers is currently on trial, accused of overseeing an $11bn fraud.
",business
"US bank in $515m SEC settlement
 
 Five Bank of America subsidiaries have agreed to pay a total of $515m (Â£277m) to settle an investigation into fraudulent trading share practices.
 
 The US Securities and Exchange Commission announced the settlements, the latest in an industry-wide clean-up of US mutual funds. The SEC also said it had brought fraud charges against two ex-senior executives of Columbia Distributor. Columbia Distributor was part of FleetBoston, bought by BOA last year. Three other ex-Columbia executives agreed settlements with the SEC.
 
 The SEC has set itself the task of stamping out the mutual funds' use of market-timing, a form of quick-fire, short-term share trading that harms the interests of small investors, with whom mutual funds are particularly popular. In the last two years, it has imposed penalties totalling nearly $2bn on 15 funds. The SEC unveiled two separate settlements, one covering BOA's direct subsidiaries, and another for businesses that were part of FleetBoston at the time. In both cases, it said there had been secret deals to engage in market timing in mutual fund shares. The SEC agreed a deal totalling $375m with Banc of America Capital Management, BACAP Distributors and Banc of America Securities. It was made up of $250m to pay back gains from market timing, and $125m in penalties. It is to be paid to the damaged funds and their shareholders. Separately, the SEC said it had reached a $140m deal - equally split between penalties and compensation - in its probe into Columbia Management Advisors (CAM) and Columbia Funds Distributor (CFD) and three ex-Columbia executives. These businesses became part of BOA when it snapped up rival bank FleetBoston in a $47bn merger last March.
 
 The SEC filed civil fraud charges in a Boston Federal court against James Tambone, who it says headed CFD's sales operations, and his alleged second in command Robert Hussey. The SEC is pressing for the highest tier of financial penalties against the pair for ""multiple violations"", repayment of any personal gains, and an injunction to prevent future breaches, a spokeswoman for the SEC's Boston office told the BBC. There was no immediate comment from the men's' lawyers. The SEC's settlement with CAM and CFD included agreements with three other ex-managers, Peter Martin, Erik Gustafson and Joseph Palombo, who paid personal financial penalties of between $50-100,000.
",business
"Digital UK driven by net and TV
 
 The UK's adoption of digital TV and broadband has helped make it the fourth most digitally-savvy nation in Europe, according a report by Jupiter Research.
 
 But the UK still lags in terms of broadband speeds compared to others. The most digitally sophisticated Europeans, in terms of use of digital goods such as mobiles, TV, net and cameras, are the Scandinavians. About 14 million households in the UK, 60%, have digital TV, according to the communications regulator Ofcom. The least digital of the European nations was Greece, in 17th position, according to the Digital Life Index.
 
 Scandinavian countries Sweden, Denmark and Norway came out top in the report, but there were some differences in technology trends. ""The European Digital Life Index demonstrates that digital lifestyles are common today, but across Europe there is no single digital lifestyle,"" said Nate Elliott, Jupiter analyst. ""Consumers adopt different digital products and services in different countries.""
 
 Although there are differences between different European nations, the gap between them is closing, the report concluded. The trend for gadgets and technologies, such as digital video recorders (DVR), broadband, and video-on-demand will continue across Europe, he added. More than six million UK households now have broadband net. By the middle of 2005, it is estimated that 50% of all UK net users will be on broadband. Cable company NTL is trialling faster ADSL (Asymmetric Digital Subscriber Line) broadband technology using ADSL2+ which can give speeds of 18Mbps compared to current speeds which are usually around 1Mbps or 2Mbps. BT is set to trial the technology later in the year. Super-fast broadband will be necessary to the delivery of services such as high-definition TV (HDTV) and video-on-demand, already very popular in France and other European countries.
 
 A separate survey by GMIPoll last week found that, globally, people's appetite for technology and gadgets continues unabated. The poll of 20,000 people in 20 countries found that 59% wanted more technology.
 
 The computer was the ""must-have"" gadget for most people (75%). The TV took second place (67%), while the mobile was ranked in third position with 54%. Digital cameras were the most popular choice of gadget for 2005, said the survey, with nearly 40% choosing this over wireless, home printing and DVR technologies. However, only 25% of Britons said a digital camera would be their top gadget purchase of the year. Almost a quarter, 22%, said they would be buying some sort of wireless device. Forty-four percent said they would be buying something ""other"". This might include digital music players, or gaming devices. The Nintendo DS, Sony's PSP and Gizmondo all hit the shops in 2005, and the first of the next generation of games consoles, Xbox 2, is set to launch later this year. Jupiter Research's index is calculated using 40 different variables across net users, digital TV adoption, wireless and mobile, online activity, and digital devices.
",technology
"Bond game fails to shake or stir
 
 For gaming fans, the word GoldenEye evokes excited memories not only of the James Bond revival flick of 1995, but also the classic shoot-em-up that accompanied it and left N64 owners glued to their consoles for many an hour.
 
 Adopting that hallowed title somewhat backfires on this new game, for it fails to deliver on the promise of its name and struggles to generate the original's massive sense of fun. This however is not a sequel, nor does it relate to the GoldenEye film. You are the eponymous renegade spy, an agent who deserts to the Bond world's extensive ranks of criminal masterminds, after being deemed too brutal for MI6. Your new commander-in-chief is the portly Auric Goldfinger, last seen in 1964, but happily running around bent on world domination. With a determination to justify its name which is even less convincing than that of Tina Turner's similarly-titled theme song, the game literally gives the player a golden eye following an injury, which enables a degree of X-ray vision.
 
 Rogue Agent signals its intentions by featuring James Bond initially and proceeding to kill him off within moments, squashed by a plummeting helicopter. The notion is of course to add a novel dark edge to a 007 game, but the premise simply does not get the juices flowing like it needs to.
 
 Recent Bond games like Nightfire and Everything Or Nothing were very competent and did a fine job of capturing the sense of flair, invention and glamour of the film franchise. This title lacks that aura, and when the Bond magic shines through, it feels like a lucky accident. The central problem is that the gameplay just is not good enough. Quite aside from the bizarre inability to jump, the even more bizarre glaring graphical bugs and dubious enemy AI, the levels simply are not put together with much style or imagination. Admittedly the competition has been tough, even in recent weeks, with the likes of Halo 2 and Half Life 2 triumphing in virtually every department. What the game is good at is enveloping you in noisy, dynamic scenes of violent chaos. As is the trend of late, you are made to feel like you are in the midst of a really messy and fraught encounter. Sadly that sense of action is outweighed by the difficulty of navigating and battling within the chaos, meaning that frustration is often the outcome. And irregular save points mean you have to backtrack each time you are killed. A minute red dot passes for a crosshair, although the collision-detection is so suspect that the difficulties of aiming weapons are compensated for. Shooting enemies from a distance can be tricky, and you will not always know you have picked them off, since dead enemies vanish literally before they have fully hit the floor, and they do so in some woefully uninspiring death animations. It is perhaps indicative of a lack of confidence that the game maker's allow you several different weapons almost immediately and throw you quickly into raging firefights - no time is risked with a measured build-up.
 
 By far the most satisfying element of the game is seeing old favourites like Dr No, Goldfinger, hat-fiend Oddjob and crazed Russian sex beast Xenia Onatopp resurrected after all these years, and with their faces rendered in an impressively recognisable fashion.
 
 There is a real thrill from doing battle with these legendary villains, and it is a testament to the power of the Bond universe that they can cut such a dash. But the in-game niggles, combined with a story and presentation that just do not feel sufficiently well thought-through, will make this a disappointment for most. Diehard fans of Bond will probably find enough here to make it a worthwhile purchase and try to ignore the failings. The game is weak, not completely unplayable. Then again, 007 fanatics may also take umbrage at the cavalier blending of characters from different eras. Given James Bond's healthy pedigree in past games, there is every reason to hope that this is just a blip, a commendable idea that just has not worked, that will be rectified when the character inevitably makes his return.
 
 GoldenEye: Rogue Agent is out now
",technology
"US top of supercomputing charts
 
 The US has pushed Japan off the top of the supercomputing chart with IBM's prototype Blue Gene/L machine.
 
 It is being assembled for the Lawrence Livermore National Laboratory, under the US Department of Energy. IBM test results show that Blue Gene/L has managed speeds of 70.72 teraflops. The previous top machine, Japan's NEC Earth Simulator, clocked up 35.86. The Top 500 list was announced on Monday and officially charts the fastest computers in the world.
 
 It is announced every six months and is worked out using an officially recognised mathematical speed test called Linpack which measures calculations per second.
 
 Once completed in 2005, Blue Gene/L will be more powerful than its current prototype. ""Next year with the final Blue Gene, four times what it is this year, it is going to be a real step up and will be hard to beat,"" said Erich Strohmaier, one of the co-founders of the Top500 list. It will help scientists work out the safety, security and reliability requirements for the US's nuclear weapons stockpile, without the need for underground nuclear testing. It will also cut down on the amount of heat generated by the massive power, a big problem for supercomputers.
 
 In second place was Silicon Graphics' Columbia supercomputer based at the US space agency's (Nasa) Ames Research Center in California. The Linux-based machine was reported to have reached a top speed of 42.7 trillion calculations per second (teraflops) in October. It will be used to model flight missions, climate research, and aerospace engineering. The defeated Japanese contender, the Earth Simulator, which was listed in third place, losing the top spot it had held since June 2002. It is dedicated to climate modelling and simulating seismic activity.
 
 Since the first supercomputer, the Cray-1, was installed at Los Alamos National Laboratory, US, in 1976, computational speed has leaped 500,000 times. The Cray-1 was capable of 80 megaflops (80 million operations a second). The Blue Gene/L machine that will be completed next year will be five million times faster. Started in 1993, the Top 500 list is decided by a group of computer science academics from around the world. It is presented at the International Supercomputer Conference in Pittsburgh.
",technology
"Text message record smashed again
 
 UK mobile owners continue to break records with their text messaging, with latest figures showing that 26 billion texts were sent in total in 2004.
 
 The figures collected by the Mobile Data Association (MDA) showed that 2.4 billion were fired off in December alone, the highest monthly total ever. That was 26% more than in December 2003. The records even surpassed the MDA's own predictions, it said. Every day 78 million messages are sent and there are no signs of a slow down. Before December's bumper text record, the previous highest monthly total was in October 2004, when 2.3 billion were sent. Text messaging is set to smash more records in 2005 too, said the MDA, with forecasts suggesting a total of 30 billion for the year.
 
 Even though mobiles are becoming increasingly sophisticated with much more multimedia applications, texting is still one of the most useful functions of mobiles. People are using SMS to do much more too. Booking cinema tickets, text voting, and news or sports text alerts are growing popular. Mobile owners have also given the chance to donate to the Disasters Emergency Committee's (DEC) Asian Tsunami fund by texting ""Donate"" to a simple short code number. Looking further ahead in the year, the MDA's chairman Mike Short, has predicted that more people will go online through their mobiles, estimating 15 billion WAP page impressions. Handsets with GPRS capability - an ""always on"" net connection - will rise to 75%, while 3G mobile ownership growing to five million by the end of 2005. These third generation mobiles offer a high-speed connection which means more data like video can be received on the phone. Globally, mobile phone sales passed 167 million in the third quarter of 2004, according to a recent report from analysts Gartner. That was 26% more than the previous year. It is predicted that there would be two billion handsets in use worldwide by the end of 2005.
",technology
"US woman sues over ink cartridges
 
 A US woman is suing Hewlett Packard (HP), saying its printer ink cartridges are secretly programmed to expire on a certain date.
 
 The unnamed woman from Georgia says that a chip inside the cartridge tells the printer that it needs re-filling even when it does not. The lawsuit seeks to represent anyone in the US who has purchased an HP inkjet printer since February 2001. HP, the world's biggest printer firm, declined to comment on the lawsuit. HP ink cartridges use a chip technology to sense when they are low on ink and advise the user to make a change.
 
 But the suit claims the chips also shut down the cartridges at a predetermined date regardless of whether they are empty. ""The smart chip is dually engineered to prematurely register ink depletion and to render a cartridge unusable through the use of a built-in expiration date that is not revealed to the consumer,"" the suit said. The lawsuit is asking for restitution, damages and other compensation. The cost of printer cartridges has been a contentious issue in Europe for the last 18 months. The price of inkjet printers has come down to as little as Â£34 but it could cost up to Â£1,700 in running costs over an 18-month period due to cartridge, a study by Computeractive Magazine revealed last year. The inkjet printer market has been the subject of an investigation by the UK's Office of Fair Trading (OFT), which concluded in a 2002 report that retailers and manufacturers needed to make pricing more transparent for consumers.
",technology
"EA to take on film and TV giants
 
 Video game giant Electronic Arts (EA) says it wants to become the biggest entertainment firm in the world.
 
 The US firm says it wants to compete with companies such as Disney and will only achieve this by making games appeal to mainstream audiences. EA publishes blockbuster titles such as Fifa and John Madden, as well as video game versions of movies such as Harry Potter and the James Bond films. Its revenues were $3bn (Â£1.65bn) in 2004, which EA hoped to double by 2009. EA is the biggest games publisher in the world and in 2004 had 27 titles which sold in excess of one million copies each. Nine of the 20 biggest-selling games in the UK last year were published by EA.
 
 Gerhard Florin, EA's managing director for European publishing, said: ""Doubling our industry in five years is not rocket science."" He said it would take many years before EA could challenge Disney - which in 2004 reported revenues of $30bn (Â£16bn) - but it remained a goal for the company. ""We will be able to bring more people into gaming because games will be more emotional."" Mr Florin predicted that the next round of games console would give developers enough power to create real emotion.
 
 ""It's the subtleties, the eyes, the mouth - 5,000 polygons doesn't really sell the emotion.
 
 ""With PS3 and Xbox 2, we can go on the main character with 30,000 to 50,000 polygons,"" he said. ""With that increased firepower, the Finding Nemo video game looks just like the movie, but it will be interactive."" Mr Florin said that more than 50% of all EA's games were sold to adults and played by adults, but the perception remained that the video game industry was for children. ""Our goal is to bring games to the masses which bring out emotions."" EA said the video game industry was now bigger than the music industry. ""Nobody queues for music anymore.""
 
 ""You can't ignore an industry when people queue to buy a game at midnight because they are so desperate to play it,"" he said, referring to demand for titles for such as Grand Theft Auto: San Andreas and Halo 2.
 
 Jan Bolz, EA's vice president of sales and marketing in Europe, said the firm was working to give video games a more central role in popular culture. He said the company was in advanced stages of discussions over a reality TV show in which viewers could control the actions of the characters as in its popular game The Sims. ""One idea could be that you're controlling a family, telling them when to go to the kitchen and when to go to the bedroom, and with this mechanism you have gamers all over the world 'playing the show',"" said Mr Bolz.
 
 He also said EA was planning an international awards show ""similar to the Oscars and the Grammys"" which would combine video games, music and movies. Mr Bolz said video games firm had to work more closely with celebrities. ""People will want to play video games if their heroes like Robbie Williams or Christina Aguilera are in them."" Mr Florin said the challenge was to keep people playing in their 30s, 40s and 50s. ""There's an indication that a 30 year old comes home from work and still wants to play games. ""If that's true, that's a big challenge for TV broadcasters - because watching TV is the biggest pastime at present.""
",technology
"The gaming world in 2005
 
 If you have finished Doom 3, Half Life 2 and Halo 2, don't worry. There's a host of gaming gems set for release in 2005.
 
  WORLD OF WARCRAFT 
 
 The US reception to this game from developers Blizzard has been hugely enthusiastic, with the title topping its competitors in the area of life-eating, high-fantasy, massively multiplayer role-player gaming. Solid, diverse, accessible and visually striking, it may well open up the genre like never before. If nothing else, it will develop a vast and loyal community. Released 25 February on PC. ICO 2 (WORKING TITLE) Ico remains a benchmark for PS2 gaming, a title that took players into a uniquely atmospheric and artistic world of adventure. The (spiritual) sequel has visuals that echo those of the original, but promises to expand the Ico world, with hero Wanda taking on a series of giants. The other known working title is Wanda And Colossus. Release date to be confirmed on PS2. THE LEGEND OF ZELDA 
 
 The charismatic cel imagery has been scrapped in favour of a dark, detailed aesthetic (realism isn't quite the right word) that connects more with Ocarina Of Time. Link resumes his more teenage incarnation too, though enemies, elements and moves look familiar from the impressive trailer that has been released. Horseback adventuring across a vast land is promised. Release date to be confirmed on GameCube. ADVANCE WARS DS The UK Nintendo DS launch line-up is still to be confirmed at time of writing, but titles that exploit its two-screen and touch capacity, like WarioWare Touched! and Sega's Feel The Magic, are making a strong impression in other territories. Personally, I can't wait for the latest Advance Wars, the franchise that has been the icing on the cake of Nintendo handheld gaming during the past few years. Release date to be confirmed on DS. S.T.A.L.K.E.R. 
 
 Following in the high-spec footsteps of Far Cry and Half-Life 2, this looks like the key upcoming PC first-person shooter (with role-playing elements). The fact that it is inspired in part by Andrei Tarkovsky's enigmatic 1979 masterpiece Stalker and set in 2012 in the disaster zone, a world of decay and mutation, makes it all the more intriguing. Released 1 March on PC. METAL GEAR SOLID: SNAKE EATER 
 
 More Hideo Kojima serious stealth, featuring action in the Soviet-controlled jungle in 1964. The game see Snake having to survive on his wits in the jungle, including eating wildlife. Once again, expect cinematic cut scenes and polished production values. Released March on PS2. DEAD OR ALIVE ULTIMATE Tecmo's Team Ninja are back with retooled and revamped versions of Dead Or Alive 1 and 2. Here's the big, big deal though - they're playable over Xbox Live. Released 11 March on Xbox. KNIGHTS OF THE OLD REPUBLIC II Looks set to build on the acclaimed original Star Wars role playing game with new characters, new Force powers and a new set of moral decisions, despite a different developer. Released 11 February on Xbox and PC.
",technology
"Broadband in the UK growing fast
 
 High-speed net connections in the UK are proving more popular than ever.
 
 BT reports that more people signed up for broadband in the last three months than in any other quarter. The 600,000 connections take the total number of people in the UK signing up for broadband from BT to almost 3.3 million. Nationally more than 5 million browse the net via broadband. Britain now has among the highest number of broadband connections throughout the whole of Europe.
 
 According to figures gathered by industry watchdog, Ofcom, the growth means that the UK has now surpassed Germany in terms of broadband users per 100 people. The UK total of 5.3 million translates into 7.5 connections per 100 people, compared to 6.7 in Germany and 15.8 in the Netherlands. The numbers of people signing up to broadband include those that get their service direct from BT or via the many companies that re-sell BT lines under their own name. Part of the surge in people signing up was due to BT stretching the reach of ADSL - the UK's most widely used way of getting broadband - beyond 6km.
 
 Asymmetric Digital Subscriber Line technology lets ordinary copper phone lines support high data speeds. The standard speed is 512kbps, though faster connections are available. ""This breakthrough led to a dramatic increase in orders as we were suddenly able to satisfy the pent-up demand that existed in many areas,"" said Paul Reynolds, chief executive of BT Wholesale which provides phone lines that other firms re-sell. BT Retail, which sells net services under its own name, also had a good quarter and provided about 30% of the new broadband customers. This was a slight increase on the previous three months. Despite the good news about growth in broadband, figures from telecommunications regulator Ofcom show that BT faces increasing competition, and dwindling influence, in other sectors. Local Loop Unbundling, (LLU), in which BT rivals install their hardware in exchanges and take over the line to a customer's home or office, is growing steadily. Cable & Wireless and NTL have announced that they are investing millions to start offering LLU services. By the end of September more than 4.2 million phone lines were using so-called Carrier Pre-Section (CPS) services, such as TalkTalk and One.Tel, which route phone calls across non-BT networks from a local exchange. There are now more than 300 different firms offering CPS services and the percentage of people using BT lines for voice calls has shrunk to 55.4%.
",technology
"Nintendo DS makes its Euro debut
 
 Nintendo's DS handheld game console has officially gone on sale in Europe.
 
 Many stores around the UK opened at midnight to let keen gamers get their hands on the device. The two-screen clamshell gadget costs Â£99 (149 euros) and 15 games are available for it at launch, some featuring well-known characters such as Super Mario and Rayman. The DS spearheads Nintendo's attempt to continue its dominance of the handheld gaming market.
 
 Since going on sale in Japan and the US at the end of 2004, Nintendo has sold almost 4m DS consoles.
 
 Part of this popularity may be due to the fact that the DS can run any of the catalogue of 700 games produced for Nintendo's GameBoy Advance handheld. Games for the DS are expected to cost between Â£19 and Â£29. About 130 games for the DS are in development.
 
 As well as having two screens, one of which is controlled by touch, the DS also lets players take on up to 16 other people via wireless. A ""download play"" option means DS owners can take each other on even if only one of them owns a copy of a particular game. Other DS owners can also be sent text messages and drawings. Nintendo is also planning to release a media adapter for the handheld so it can play music and video. Five Virgin megastores and 150 Game shops were expected to open early on Friday morning to let people buy a DS. ""We know that customers want it as soon as it's released - and that means the minute, not the day,"" said Robert Quinn, Game's UK sales director.
 
 But Nintendo will only have sole control of Europe's handheld gaming market for a few weeks because soon Sony is expected to release its PSP console. Although Nintendo is aiming for younger players and the PSP is more for older gamers, it is likely that the two firms will be competing for many of the same customers. Sony's PSP represents a real threat to Nintendo because of the huge number of PlayStation owners around the world and the greater flexibility of the sleek black gadget. The PSP uses small discs for games, can play music and movies without the need for add-ons and also supports short-range wireless play. When it goes on sale the PSP is likely to cost between Â£130 and Â£200.
",technology
"Half of UK's mobiles 'go online'
 
 Multimedia mobile phones are finally showing signs of taking off, with more Britons using them to go online.
 
 Figures from industry monitor, the Mobile Data Association (MDA), show the number of phones with GPRS and MMS technology has doubled since last year. GPRS lets people browse the web, access news services, mobile music and other applications like mobile chat. By the end of 2005, the MDA predicts that 75% of all mobiles in the UK will be able to access the net via GPRS. The MDA say the figures for the three months up to 30 September are a ""rapid increase"" on the figure for the same time the previous year. About 53 million people own a mobile in the UK, so the figures mean that half of those phones use GPRS. GPRS is often described as 2.5G technology - 2.5 generation - sitting between 2G and 3G technology, which is like a fast, high-quality broadband internet for phones.
 
 With more services being offered by mobile operators, people are finding more reasons to go online via their mobile. Downloadable ringtones are still proving highly popular, but so is mobile chat. BandAid was the fastest ever-selling ringtone this year, according to the MDA, and chat was given some publicity when Prime Minister Tony Blair answered questions through mobile text chat. Multimedia messaging services also looked brighter with 32% of all mobiles in the UK able to send or receive picture messages. This is a 14% rise from last September's figures. But a recent report from Continental Research reflects the continuing battle mobile companies have to actually persuade people to go online and to use MMS. It said that 36% of UK camera phone users had never sent a multimedia message, or MMS. That was 7% more than in 2003. Mobile companies are keen for people to use multimedia functions their phones, like sending MMS and going online, as this generates more money for them. But critics say that MMS is confusing and some mobiles are too difficult to use. There have also been some issues over interoperability, and being able to send MMS form a mobile using one network to a different one.
",technology
"Slimmer PlayStation triple sales
 
 Sony PlayStation 2's slimmer shape has proved popular with UK gamers, with 50,000 sold in its first week on sale.
 
 Sales have tripled since launch, outstripping Microsoft's Xbox, said market analysts Chart-Track. The numbers were also boosted by the release of the PS2-only game Grand Theft Auto: San Andreas. The title broke the UK sales record for video games in its first weekend of release. Latest figures suggest it has sold more than 677,000 copies.
 
 ""It is obviously very, very encouraging for Sony because Microsoft briefly outsold them last week,"" John Houlihan, editor of Computerandvideogames.com told BBC News. ""And with Halo 2 [for Xbox] out next week, it really is a head-to-head contest between them and Xbox.""
 
 Although Xbox sales over the last week also climbed, PS2 sales were more than double that. The figures mean Sony is reaching the seven million barrier for UK sales of the console. Edinburgh-based developer, Rockstar, which is behind the GTA titles, has seen San Andreas pull in an estimated Â£24m in gross revenues over the weekend. In comparison, blockbuster films like Harry Potter and The Prisoner Of Azkaban took Â£11.5m in its first three days at the UK box office. The Lord of the Rings: The Return of the King took nearly Â£10m over its opening weekend, although games titles are four to five times more expensive than cinema tickets.
 
 Gangster-themed GTA San Andreas is the sequel to Grand Theft Auto Vice City which previously held the record for the fastest-selling video game ever. The Xbox game Halo 2, released on 11 November in the UK, is also widely tipped to be one of the best-selling games of the year. The original title won universal acclaim in 2001, and sold more than four million copies.
 
 Mr Houlihan added that Sony had done well with the PS2, but it definitely helped that the release of San Andreas coincided with the slimline PS2 hitting the shelves. The run-up to Christmas is a huge battlefield for games consoles and titles. Microsoft's Xbox had been winning the race up until last week in sales. The sales figures also suggest that it may be a largely adult audience driving demand, since GTA San Andreas has an 18 certificate. Sony and Microsoft have both reduced console prices recently and are preparing the way for the launches of their next generation consoles in 2005. ""Both have hit crucial price points at around Â£100 and that really does open up new consoles to new audience, plus the release of two really important games in terms of development are also driving those sales,"" said Mr Houlihan.
",technology
"How to make a gigapixel picture
 
 The largest digital panoramic photo in the world has been created by researchers in the Netherlands.
 
 The finished image is 2.5 billion pixels in size - making it about 500 times the resolution of images produced by good consumer digital cameras. The huge image of Delft was created by stitching together 600 single snaps of the Dutch city taken at a fixed spot. If printed out in standard 300 dots per inch resolution, the picture would be 2.5m high and 6m long.
 
 The researchers have put the image on a website which lets viewers explore the wealth of detail that it captures. Tools on the page let viewers zoom in on the city and its surroundings in great detail. The website is already proving popular and currently has more than 200,000 visitors every day.
 
 The image was created by imaging experts from the Dutch research and technology laboratory TNO which created the 2.5 gigapixel photo as a summer time challenge.
 
 The goal of the project was to be one of the first groups to make gigapixel images. The first image of such a size was manually constructed by US photographer Max Lyons in November 2003. That image portrayed Bryce Canyon National Park, in Utah, and was made up of 196 separate photographs. The panorama of Delft is a little staid in contrast to the dramatic rockscape captured in Mr Lyons' image. ""He did it all by hand, which was an enormous effort, and we got the idea that if you use automatic techniques, it would be feasible to build a larger image,"" said Jurgen den Hartog, one of the TNO researchers behind the project. ""We were not competing with Mr Lyons, but it started as a lunchtime bet.""
 
 The Dutch team used already available technologies, although it had to upgrade them to be able to handle the high-resolution image.
 
 ""We had to rewrite almost all the tools,"" Me den Hartog told the BBC News website. ""All standard Windows viewers available would not be able to load such a large image, so we had to develop one ourselves."" The 600 component pictures were taken on July 2004 by a computer-controlled camera with a 400 mm lens. Each image was made to slightly overlap so they could be accurately arranged into a composite. The stitching process was also done automatically using five powerful PCs over three days. Following the success of this project, and with promises of help from others, the TNO team is considering creating a full 360-degree panoramic view of another Dutch city, with even higher resolution.
",technology
"Net regulation 'still possible'
 
 The blurring of boundaries between TV and the internet raises questions of regulation, watchdog Ofcom has said.
 
 Content on TV and the internet is set to move closer this year as TV-quality video online becomes a norm. At a debate in Westminster, the net industry considered the options. Lord Currie, chairman of super-regulator Ofcom, told the panel that protecting audiences would always have to be a primary concern for the watchdog. Despite having no remit for the regulation of net content, disquiet has increased among internet service providers as speeches made by Ofcom in recent months hinted that regulation might be an option. At the debate, organised by the Internet Service Providers' Association (ISPA), Lord Currie did not rule out the possibility of regulation.
 
 ""The challenge will arise when boundaries between TV and the internet truly blur and then there is a balance to be struck between protecting consumers and allowing them to assess the risks themselves,"" he said. Adopting the rules that currently exist to regulate TV content or self-regulation, which is currently the practice of the net industry, will be up for discussion.
 
 Some studies suggest that as many as eight million households in the UK could have adopted broadband by the end of 2005, and the technology opens the door to TV content delivered over the net. More and more internet service providers and media companies are streaming video content on the web. BT has already set up an entertainment division to create and distribute content that could come from sources such as BSkyB, ITV and the BBC. Head of the division, Andrew Burke, spoke about the possibility of creating content for all platforms. ""How risque can I be in this new age? With celebrity chefs serving up more expletives than hot dinners, surely I can push it to the limit,"" he said.
 
 In fact, he said, if content has been requested by consumers and they have gone to lengths to download it, then maybe it should be entirely regulation free. Internet service providers have long claimed no responsibility for the content they carry on their servers since the Law Commission dubbed them ""mere conduits"" back in 2002. This defence does not apply if they have actual knowledge of illegal content and have failed to remove it. The level of responsibility they have has been tested in several high-profile legal cases. Richard Ayers, portal director at Tiscali, said there was little point trying to regulate the internet because it would be impossible. Huge changes are afoot in 2005, he predicted, as companies such as the BBC offer TV content over the net. The BBC's planned interactive media player which will give surfers the chance to download programmes such as EastEnders and Top Gear will make net TV mainstream and raise a whole new set of questions, he said.
 
 One of these will be about the vast sums of money involved in maintaining the network to supply such a huge quantity of data and could herald a new digital licence fee, said Mr Ayers. As inappropriate net content, most obviously pornography viewed by children, continues to dominate the headlines, internet regulation remains a political issue said MP Richard Allan, Liberal Democrat spokesman on IT. Mr Allan thinks that the answer could lie somewhere between the cries of ""impossible to regulate"" and ""just apply offline laws online"". In fact, instead of seeing regulation brought online, the future could bring an end to regulation as we know it for all TV content. After Lord Currie departed, the panel agreed that this could be a reality and that for the internet people power is likely to reign. ""If content is on-demand, consumers have pulled it up rather than had pushed to them, then it is the consumers' choice to watch it. There is no watershed on the net,"" said Mr Burke.
",technology
"Video phone help for deaf people
 
 Deaf people who prefer to communicate using British Sign Language (BSL) could soon be having their phone conversations relayed using webcams or videophones and an interpreter.
 
 The Video Relay Service is being piloted by the Royal National Institute for Deaf People (RNID), but the organisation says unless the service is provided at the same rate as voice calls it will be beyond most people's pockets. The RNID is urging telecoms regulator, Ofcom, to reduce the cost of the service from the current Â£7.00 per minute and make it the same as ordinary phone calls. The service works by putting a deaf person in visual contact with a BSL interpreter via a webcam or video phone, and the interpreter then relays the deaf person's conversation using a telephone and translates the other person's response into sign language.
 
 For many deaf people, especially those born deaf, BSL is a first and preferred means of communication.
 
 Until now, the only alternative has been to use textphones which means having to type a message and have it relayed via an operator. ""In the past, I've used textphones but they have problems,"" said Robert Currington who is taking part in the pilot. ""I communicate in BSL; my written English is not very good and it takes me longer to think in English and type my message."" ""I sometimes find it difficult to understand the reply."" The RNID says the UK is lagging behind other countries which are already making relay services available at the cost of an ordinary phone call. ""There are no technical or economic reasons for not providing equivalent access to services for deaf people,"" said RNID technology director, Guido Gybels. ""In the US and Australia, sign language relay services have already been made universally available at the same cost as a voice call. ""By failing to provide and fund the video relay service for sign language users, the telecommunications sector is effectively discriminating against an already disenfranchised group.""
 
 Ofcom says it has plans to review the services that telecoms companies are obliged to provide early next year. And new technology, including the Video Relay Service, will be discussed with interested parties in the near future. But a spokesman said its powers were limited by legislation. ""Any proposals to extend existing arrangements to cover new services would be for government to consider,"" he said. Mr Currington, like many of the UK's 70,000 BSL users, will be hoping that a way can be found to make a cost-effective service available. ""The relay service makes phone conversations a pleasure,"" he said. ""I can show my emotions more easily in BSL in the same way hearing people express emotions through voice calls.""
",technology
"Concerns over Windows ATMs
 
 Cash machine networks could soon be more susceptible to computer viruses, a security firm has warned.
 
 The warning is being issued because many banks are starting to use the Windows operating system in machines. Already there have been four incidents in which Windows viruses have disrupted networks of cash machines running the Microsoft operating system. But banking experts say the danger is being overplayed and that the risks of infection and disruption are small.
 
 For many years the venerable IBM operating system, known as OS/2, has been the staple software used to power many of the 1.4m cash machines in operation around the world. But IBM will end support for OS/2 in 2006 which is forcing banks to look for alternatives. There are also other pressures making banks turn to Windows said Dominic Hirsch, managing director of financial analysis firm Retail Banking Research.
 
 He said many cash machines will also have to be upgraded to make full use of the new Europay, Mastercard and Visa credit cards that use computer chips instead of magnetic stripes to store data. US laws that demand disabled people get equal access to information will also force banks to make their cash machines more versatile and able to present information in different ways. Todd Thiemann, spokesman for anti-virus firm Trend Micro, said the move to Windows in cash machines was not without risks. Mr Thiemann said research by the TowerGroup showed that 70% of new cash machines being installed were Windows based.
 
 Already, he said, there have been four incidents in which cash machines have been unavailable for hours due to viruses affecting the network of the bank that owns them.
 
 In January 2003 the Slammer worm knocked out 13,000 cash machines of the Bank of America and many of those operated by the Canadian Imperial Bank of Commerce. In August of the same year, cash machines of two un-named banks were put out of action for hours following an infection by the Welchia worm. Incidents like this happen, said Mr Thiemann, because when banks start using Windows cash machines they also change the networking technology used to link the devices to their back office computers. This often means that all the cash machines and computers in a bank share the same data network. ""This could mean that cash machines get caught up in the viruses that are going around because they have a common transmission system,"" he said. ""Banks need to consider protection as part of the investment to maintain the security of that network,"" Mr Thiemann told BBC News Online.
 
 But Mr Hirsch from Retail Banking Research said the number of cash machines actually at risk was low because so few were upgraded every year.
 
 Currently, he said, a cash machine has a lifetime of up to 10 years which means that only about 10% of all ATMs get swapped for a newer model every year. ""Windows cash machines have been around for several years,"" he said. ""Most banks simply upgrade as part of their usual replacement cycle."" ""In theory there is a bigger threat with Windows than OS/2,"" he said, ""but I do not think that the banks are hugely concerned at the moment."" ""It's pretty unusual to hear about virus problems with ATMs,"" he said. The many different security systems built-in to cash machines meant there was no chance that a virus could cause them to start spitting out cash spontaneously, he said. Banks were more likely to be worried about internal networks being overwhelmed by worms and viruses and customers not being able to get cash out at all, he added. A spokesman for the Association of Payment and Clearing Services (Apacs) which represents the UK's payments industry said the risk from viruses was minimal. ""There's no concern that there's going to be any type of virus hitting the UK networks,"" he said. Risks of infection were small because the data networks that connect UK cash machines together and the operators of the ATMs themselves were a much smaller and tightly-knit community than in the US where viruses have struck.
",technology
"Cabs collect mountain of mobiles
 
 Gadgets are cheaper, smaller and more common than ever. But that just means we are more likely to lose them.
 
 In London alone over the past six months more than 63,000 mobile phones have been left in the back of black cabs, according to a survey. That works out at about three phones per cab. Over the same period almost 5,000 laptops and 5,800 PDAs such as Palms and Pocket PCs were left in licensed cabs. Even the great and good are not immune to losing their beloved gadgets. Jemima Khan reportedly left her iPod, phone and purse in a cab and asked for them to be returned to her friend who turned out to be Hugh Grant. As the popularity of portable gadgets has grown, and we trust more of our lives to them, we seem to be forgetting them in ever larger numbers. The numbers of lost laptops has leapt by 71% in the last three years.
 
 This has left Londoners, or those travelling by cab in the capital, as the world's best at losing laptops, according to the research by the Licensed Taxi Drivers Association and Pointsec, a mobile-data backup firm. More than twice as many laptops were left in the back of black cabs in London as in any of the nine other cities (Helsinki, Oslo, Munich, Paris, Stockholm, Copenhagen, Chicago and Sydney) where the research into lost and found gadgets was carried out. By contrast Danes were most adept at losing mobile phones being seven times more likely to leave it behind in a cab than travellers in Germans, Norwegians and Swedes. Top of the range phones can carry enormous amounts of data - enough to hold hundreds of pictures or thousands of contact details. Given that few people back up the data on their PC it is a fair bet that even fewer do so with the phone they carry around. You could be losing a fair chunk of your life in the back of that cab not least because many people collect numbers on their phone that they do not have anywhere else.
 
 Equally, phones let you navigate through contacts by name so many people have completely forgotten their friends' numbers and could not reconstruct them if they had to. This growing habit of losing gadgets explains the rise of firms such as Retrofone which lets people buy a cheap old-fashioned phone to replace the tiny, shiny expensive one they have just lost. Briton's growing love of phones has also led to the creation of the Mobile Equipment National Database that lets you register the unique ID number of your phone so it can be returned to you in the event of it being lost or stolen. According to statistics 50% of all muggings and snatch theft offences involve mobiles. Millions of gadgets are now logged in the database and organisations such as Transport For London regularly consult it when trying to re-unite folk with their phones and other gadgets. For the drivers, finding a mobile in the back of their cab is one of the more pleasant things many have found. The survey of what else has been left behind included a harp, a dog, a hamster and a baby.
",technology
"Mobiles rack up 20 years of use
 
 Mobile phones in the UK are celebrating their 20th anniversary this weekend.
 
 Britain's first mobile phone call was made across the Vodafone network on 1 January 1985 by veteran comedian Ernie Wise. In the 20 years since that day, mobile phones have become an integral part of modern life and now almost 90% of Britons own a handset. Mobiles have become so popular that many people use their handset as their only phone and rarely use a landline.
 
 The first ever call over a portable phone was made in 1973 in New York but it took 10 years for the first commercial mobile service to be launched. The UK was not far behind the rest of the world in setting up networks in 1985 that let people make calls while they walked. The first call was made from St Katherine's dock to Vodafone's head office in Newbury which at the time was over a curry house. For the first nine days of 1985 Vodafone was the only firm with a mobile network in the UK. Then on 10 January Cellnet (now O2) launched its service. Mike Caudwell, spokesman for Vodafone, said that when phones were launched they were the size of a briefcase, cost about Â£2,000 and had a battery life of little more than 20 minutes.
 
 ""Despite that they were hugely popular in the mid-80s,"" he said. ""They became a yuppy must-have and a status symbol among young wealthy business folk."" This was also despite the fact that the phones used analogue radio signals to communicate which made them very easy to eavesdrop on. He said it took Vodafone almost nine years to rack up its first million customers but only 18 months to get the second million. ""It's very easy to forget that in 1983 when we put the bid document in we were forecasting that the total market would be two million people,"" he said. ""Cellnet was forecasting half that."" Now Vodafone has 14m customers in the UK alone. Cellnet and Vodafone were the only mobile phone operators in the UK until 1993 when One2One (now T-Mobile) was launched. Orange had its UK launch in 1994. Both newcomers operated digital mobile networks and now all operators use this technology. The analogue spectrum for the old phones has been retired. Called Global System for Mobiles (GSM) this is now the most widely used phone technology on the planet and is used to help more than 1.2 billion people make calls. Mr Caudwell said the advent of digital technology also helped to introduce all those things, such as text messaging and roaming that have made mobiles so popular.
",technology
"Halo fans' hope for sequel
 
 Xbox video game Halo 2 has been released in the US on 9 November, with a UK release two days later. Why is the game among the most anticipated of all time?
 
 Halo is considered by many video game pundits to be one of the finest examples of interactive entertainment ever produced and more than 1.5 million people worldwide have pre-ordered the sequel. A science fiction epic, Halo centred the action on a human cyborg, controlled by the player, who had to save his crew from an alien horde after a crash landing on a strange and exotic world contained on the interior surface of a giant ring in space. Remembrance of Things Past it was not - but as a slice of schlock science fiction inspired by works such as Larry Niven's Ringworld and the film Starship Troopers, it fit the bill perfectly. Halo stood out from a crowd of similar titles - it was graphically impressive, had tremendous audio, using Dolby Digital, a decent storyline, instant playability and impressive physics.
 
 But what marked Halo as a classic were the thousands of details which brought a feeling of polish and the enormously-high production values not usually associated with video gaming.
 
 Produced by Bungie software, renowned for their innovation in gaming, it caused a stir among the gaming fraternity when the developer was bought by Microsoft and became an Xbox exclusive. Claude Errera, editor of fansite Halo.Bungie.Org, said: ""Bungie got everything right. They were really careful to make sure everything worked the way it was supposed to. ""Nothing distracts you when you were playing. There was nothing in Halo that had not been done before but everything in there was as good as it could be."" He added: ""Graphically it was superior to everything else out there.
 
 ""It also had a depth to it that made it stand out."" Halo was unusually immersive, sucking the player into the action and blurring the interface between screen and controller. It also capitalised on the growing popularity of LAN gaming in the PC world - for the first time it became easy to link multiple game consoles together, allowing up to 16 players to battle against each other at the same time.
 
 The game instantly cultivated an online following, which continues today with a score of Halo fan websites following every aspect of the sequel, Halo 2. Errera spends three to fours hours a day of his own time maintaining the hugely popular website, which attracts 600,000 page views a day from Halo fans eager for the latest news.
 
 When the Xbox launched on November 15 2001 in the US, Halo was one of the launch titles and had an immediate impact on critics and consumers. ""Halo is the most important launch game for any console ever,"" wrote the influential Edge magazine in its review, giving it a rare 10 out of 10 mark. The game had its critics and while it is not a one-off original as a game, it brought many original touches and flourishes to the genre which have defined all other first person shooters since. ""The first time I played it I just stood there watching the spent shells fall out of my gun,"" said Errera, remarking on the level of detail in the game.
 
 The game also inspired thousands of people to write their own fiction based on the storyline and produce downloadable video clips of the many weird and wonderful things that can be done in the game. ""It blew me away the first time someone managed to climb to the top of Halo,"" said Errera, referring to a fan who had created a video of Master Chief scaling the landscape of the graphical world. Video clips of the more outrageous stunts that are possible thanks to the game's amazing physics engine are incredibly popular and some have attained a cult following. Speculation about the sequel has seen every titbit analysed and poured over with all the intent of a forensic scientist examining a body. When early screenshots of the game were released some people wrote essay-length articles highlighting everything from the texture of graphics to clues about the story line. Errera said expectations of the sequel among fans were sky high. ""It does not feel like a game release any more. Somebody told me this was the biggest single release of any product in Microsoft's history. ""We're all just hoping that Bungie has got it right again.""
 
 Halo 2 is out on 9 November in the US and 11 November in the UK
",technology
"When technology gets personal
 
 In 2020, whipping out your mobile phone to make a call will be quaintly pass&#233;. By then phones will be printed directly on to wrists, or other parts of the body, says Ian Pearson, BT's resident futurologist.
 
 It's all part of what's known as a ""pervasive ambient world"", where ""chips are everywhere"". Mr Pearson does not have a crystal ball. His job is to formulate ideas based on what science and technology are doing now, to guide industries into the future. Inanimate objects will start to interact with us: we will be surrounded - on streets, in homes, in appliances, on our bodies and possibly in our heads - by things that ""think"". Forget local area networks - these will be body area networks. Ideas about just how smart, small, or even invisible, technology will get are always floating around. Images of devices clumsily bolted on to heads or wrists have pervaded thinking about future technology. But now a new vision is surfacing, where smart fabrics and textiles will be exploited to enhance functionality, form, or aesthetics. Such materials are already starting to change how gadgets and electronics are used and designed.
 
 So MP3 players - the mass gadget of the moment - will disappear and instead become integrated into one's clothing, says Mr Pearson. ""So the gadgets that fill up your handbag, when we integrate those into fabric, we can actually get rid of all that stuff. You won't necessarily see the electronics."" Wearable technology could exploit body heat to charge it up, while ""video tattoos"", or intelligent electronic contact lenses, might function as TV screens for those on the move. However, this future of highly personal devices, where technology is worn, or even fuses with the body itself, raises ethical questions. If technology is going to be increasingly part of clothing, jewellery, and skin, there needs to be some serious thinking about what it means for us as humans, says Baroness Susan Greenfield. At a recent conference for technology, engineering, academic and fashion industry experts, at the Royal Society in London, neuroscientist Baroness Greenfield cautioned we ""can't just sleepwalk into the future"".
 
 Yet this technology is already upon us. Researchers have developed computers and sensors worn in clothing. MP3 jackets, based on the idea that electrically conductive fabric can connect to keyboard sewn into sleeves, have already appeared in shops.
 
 These ""smart fabrics"" have come about through advances in nano- and micro-engineering - the ability to manipulate and exploit materials at micro or molecular scale. At the nanoscale, materials can be ""tuned"" to display unusual properties that can be exploited to build faster, lighter, stronger and more efficient devices and systems. The textile and clothing industry has been one of the first to exploit nanotechnology in quite straightforward ways. Many developments are appearing in real products in the fields of medicine, defence, healthcare, sports, and communications. Professional swimming suits reduce drag by incorporating tiny structures similar to shark skin. Nanoscale titanium dioxide (TiO2) coatings give fabrics antibacterial and anti-odour properties. These have special properties which can be activated in contact with the air or UV light. Such coatings have already been used to stop socks smelling for instance, to turn airline seats into super stain-resistant surfaces, and applied to windows so they clean themselves. Dressings for wounds can now incorporate nanoparticles with biocidal properties and smart patches are being developed to deliver drugs through the skin. But Baroness Greenfield is concerned about how far this more personal contact with technology might affect our very being. If our clothing, skin, and ""personal body networks"" do the talking and the monitoring, everywhere we go, we have to think about what that means for our concept of privacy. Mr Pearson picks up the theme, pointing out there are a lot of issues humans have to iron out before we become ""cyborgian"". His main concern is ""privacy"". ""We are looking at electronics which are really in deep contact with your body and a lot of that information you really don't want every passer-by to know. ""So we have to make sure we build security in this. If you are wearing smart make-up, where electronics are controlling the appearance, you don't want people hacking in and writing messages on your forehead."" As technology infiltrates our biology, how will our brains function differently? ""We cannot arrogantly assume that the human brain will not change with this,"" warns Baroness Greenfield. There have already been successful experiments to grow human nerve cells on circuit boards. This paves the way for brain implants to help paralysed people interface directly with computers. Clearly, the organic, carbon of our bodies and silicon is increasingly merging. The cyborg - a very familiar part-human, part-inorganic science fiction and academic idea - is on its way.
",technology
"Britons fed up with net service
 
 A survey conducted by PC Pro Magazine has revealed that many Britons are unhappy with their internet service.
 
 They are fed up with slow speeds, high prices and the level of customer service they receive. 17% of readers have switched suppliers and a further 16% are considering changing in the near future. It is particularly bad news for BT, the UK's biggest internet supplier, with almost three times as many people trying to leave as joining.
 
 A third of the 2,000 broadband users interviewed were fed up with their current providers but this could be just the tip of the iceberg thinks Tim Danton, editor of PC Pro Magazine. ""We expect these figures to leap in 2005. Every month the prices drop, and more and more people are trying to switch,"" he said. The survey found that BT and Tiscali have been actively dissuading customers from leaving by offering them a lower price when they phone up to cancel their subscription. Some readers were offered a price drop just 25p more expensive than that offered by an alternative operator, making it hardly worth while swapping.
 
 Other found themselves tied into 12-month contracts. Broadband has become hugely competitive and providers are desperate to hold on to customers. 12% of those surveyed found themselves unable to swap at all. ""We discovered a huge variety of problems, but one of the biggest issues is the current supplier withholding the information that people need to give to their new supplier,"" said Tim Danton, editor of PC Pro. ""This breaks the code of practice, but because that code is voluntary there's nothing we or Ofcom can do to help,"" he said. There is a vast choice of internet service providers in the UK now and an often bewildering array of broadband packages. With prices set to drop even further in coming months Mr Danton advises everyone to shop around carefully. ""If you just stick with your current connection then there's every chance you're being ripped off,"" he warned.
",technology
"Super Size Me wins writers' award
 
 Super Size Me director Morgan Spurlock has won the Writers Guild of America's award for documentary feature writing.
 
 The Oscar-nominated film followed Spurlock as he ate only McDonald's fast food for an entire month. Spurlock was given the award at a special ceremony at the Roosevelt Hotel in Hollywood on Tuesday. Organisers said the rising popularity of documentary films led them to honour a writer for a documentary screenplay for the first time.
 
 Producer Brian Grazer presented the award to Spurlock and the film's backers, Roadside Attractions, Samuel Goldwyn Films and Showtime Independent Films. Spurlock set out to discover the effect of living on nothing but McDonald's for a month, upgrading to supersize portions when offered. The film followed his 25lb weight gain and the health effects on his body, including his liver and cholesterol levels. McDonald's announced it was to scrap its ""supersized"" meals last year, but denied the move was as a result of the negative publicity created by Spurlock's film. Spurlock was given his award on the same day the European Court of Human Rights ruled that two UK activists should have been given legal aid in their long fight against a McDonald's libel action. Helen Steel and David Morris, from north London, dubbed the ""McLibel Two"", were found guilty in a 1990s trial of libelling the company in a leaflet they had been handing out At the end of the case the High Court in London ruled McDonald's had been libelled and awarded the company Â£60,000 in damages, later reduced to Â£40,000 on appeal. But he found the leaflet was true in some aspects.
",entertainment
"Mogul Wilson backing UK rap band
 
 Tony Wilson, the music mogul who established the influential Factory Records in the 1980s, is to launch a new label - convinced he has discovered his ""third major band"".
 
 Factory were the label of both Joy Division - who became New Order after singer Ian Curtis committed suicide - and the Happy Mondays. Now Wilson believes rap act Raw T - signed to his F4 label, the fourth incarnation of Factory - will ""complete the hat-trick"". ""Suddenly, when Raw T came into my life, I realised they are my third major band,"" he told BBC World Service's The Music Biz programme. The group are set to release their first single on 21 February, and follow it up with an album, Realise And Witness, in March.
 
 Wilson has twice tried to resurrect Factory - which lasted for 14 years before folding - but conceded these efforts had been ""despondent and dismal experiences"". But it has not put him off. ""Of all the things I do in my life the most exciting thing I've ever done, and the thing I have most loved, is being part of a record company,"" he added.
 
 ""The idea of working with brilliant young musicians, and being close to the centre of popular culture, is just the biggest thrill in my life."" Wilson explained how his son persuaded him to go and see Raw T, but he had initially been reluctant saying he ""detested"" young British people rapping. ""It's always inauthentic, it's always crass, it never really works for me,"" he said. ""I went to see this group, Raw T - which stands for Realise And Witness Talent - and like everyone else in the room that night, we were utterly blown away."" Wilson believes Raw T could be ""to F4 as Joy Division were to Factory records"".
 
 The story of Factory records - which also owned the legendary Hacienda club in Manchester - was told in the Michael Winterbottom film 24 Hour Party People, in which Wilson was played by Steve Coogan.
 
 Wilson stressed that the independent music scene remained ""as important"" as it had been during the 1980s, when labels such as Factory and Rough Trade proliferated. He pointed out that Franz Ferdinand and The White Stripes - ""perhaps the two most important bands since the millennium"" - were signed to indies. ""I think that is a reflection of how useful and how powerful the indie philosophy is, and how bands prefer it,"" he added. ""They can make more money that way - it's a more generous relationship, and also it's a more understanding relationship. ""I think independents are in a wonderful position at this moment in time.""
",entertainment
"Police praise 'courageous' Ozzy
 
 Rock star Ozzy Osbourne has been praised by police for ""very courageously"" tackling a burglar who stole jewellery from his house.
 
 The singer grabbed an intruder who then jumped 30ft (10m) from a first floor window as the star gave chase at his Buckinghamshire home on Monday. ""I acted on impulse,"" Osbourne said. ""In hindsight, it could have been a lot worse. It could've got really ugly."" A Â£100,000 reward has been offered for information leading to a conviction. His wife Sharon, who called the police, said her wedding rings were taken from her bedside table as she slept.
 
 The heavy metal star said he could have met the same fate as late Beatle George Harrison, who was repeatedly stabbed in a break-in in 1999. ""I could have been badly injured or shot or anything,"" Osbourne said. ""I just thank God that no-one got injured."" He added he was glad the intruders were not hurt. ""I wouldn't want anyone to get injured."" The singer did not want to talk in detail about his actions but when asked whether he would do the same again replied: ""Is the Pope a Catholic?"" The incident happened at 0400 GMT on Monday in Chalfont St Peter. Detective Inspector Paul Miller of Thames Valley Police said it appeared a man used a ladder to get into the house through a first floor bedroom window. ""Whilst selecting items of jewellery, the burglar was disturbed by Ozzy who very courageously tackled this burglar and pursued him from the house,"" he said. Ozzy said he was ""just coming to grips"" with what had happened and his opinion of the UK had been lowered after 12 relatively trouble-free years in the US.
 
 ""We lived in Los Angeles where people get shot every day and have been trailed by lots of different stalkers - and yet we come back to England and I'm very disappointed."" At a press conference on Tuesday, Sharon Osbourne gave details of nine stolen items. They included a diamond wedding ring and two handmade wedding bands Ozzy gave her when they renewed their vows two years ago. She said she wished she had worn them at night. ""I always take them off and put them beside my bed and that's where they were, right beside me on my bedside table."" Also taken were a pearl necklace and a sapphire bought as an investment for their daughters described by Sharon as ""one of the only 24-carat sapphires that is absolutely pure"".
 
 A daisy chain necklace that was a 20th anniversary present and a Franck Muller watch Sharon said was one of only 10 made were also stolen. She expressed her anger at the person who ""hasn't worked and wants to take what's yours"". ""But the thing is, we worked for everything. I came from Brixton. Ozzy came from not a very nice part of Birmingham and everything we've got we have worked our arses off for."" ""If I choose to make an investment for my kids in whatever way I choose to make it, that's my business and I worked for every God damn penny."" Ozzy also lamented two years in which the family has been plagued by problems, including his critical injury in a quad bike accident, his wife's colon cancer, their childrens' drug problems and now the burglary.
 
 On Sunday night, the Osbournes had been celebrating the birthday of singer Sir Elton John's partner David Furnish. Police described the intruder as well-built, about 5' 10"" tall and said he was wearing a ski-mask, a light-coloured jacket and trainers. They believe he may have injured himself when he jumped from the window. There is no description of his accomplice. Police think the pair were driving a large vehicle, possibly a van, and are keen to hear from anyone who may have seen one leaving Chalfont St Peter at speed. Police appealed for public help to find the perpetrators and stolen items on 0845 8 505 505 or 0800 555 111.
",entertainment
"Eastwood's Baby scoops top Oscars
 
 Clint Eastwood's Million Dollar Baby beat Martin Scorsese's The Aviator to the top awards at the Oscars on Sunday.
 
 The boxing drama was named best picture and Eastwood pipped Scorsese to best director, while its stars Hilary Swank and Morgan Freeman won acting awards. The Aviator took five prizes including best supporting actress for Cate Blanchett. The biopic of Howard Hughes led the nominations with 11. Jamie Foxx picked up best actor for playing soul star Ray Charles in Ray. Many expected this to be Scorsese's year - but he was unsuccessful in the best director category for the fifth time in his career.
 
 He has never won despite being nominated for such films as Raging Bull and Goodfellas. Instead, Eastwood took his second Oscar for best director after winning for Unforgiven in 1993. ""It was a wonderful adventure,"" Eastwood said. ""To make a picture in 37 days, it takes a well oiled machine. I am lucky to be here and lucky to be still working. I've got a lot of stuff to do yet."" Hilary Swank picked up her second best actress Oscar for playing a female boxer in Million Dollar Baby, beating stars including Annette Bening, Kate Winslet and Imelda Staunton. ""I don't know what I did in this life to deserve this,"" she told the audience. ""I'm just a girl from a trailer park who had a dream."" Morgan Freeman beat actors including Clive Owen, Jamie Foxx and Alan Alda to the prize for best supporting actor. He thanked Eastwood and described the film as ""a labour of love"". This was the fourth nomination of his career but his first win. Backstage, he said: ""A lot of people say you're due - maybe you are, maybe you aren't - it's an accolade."" Million Dollar Baby's success was the night's biggest surprise after The Aviator seemed to have the advantage until the end of the ceremony.
 
 Cate Blanchett, who won for playing late screen legend Katharine Hepburn in The Aviator, said her award was ""an indescribable surprise and honour"". Of Hepburn, she said: ""The longevity of her career is inspiring to everyone."" Blanchett also paid tribute to the film's director Martin Scorsese, telling him: ""I hope my son will marry your daughter."" The Aviator's other awards came for cinematography, film editing, art direction and costume design. And Jamie Foxx, who had two nominations this year, paid tribute to the ""beautiful legacy"" of soul legend Ray Charles, who died last year, and thanked director Taylor Hackford. ""You took a chance, man,"" he said. ""That love for Ray Charles was deep down in the earth somewhere and you opened it up. ""Everybody's drowning in this love. Thank you for taking a chance and thank you for waiting 15 years to get me to do it.""
 
 He broke down in tears when speaking about being whipped by his grandmother, whom he described as his first acting teacher, when he was young. In other awards, cartoon hit The Incredibles won best animated feature and best sound editing. Bittersweet comedy Sideways won best adapted screenplay while the original screenplay prize went to Eternal Sunshine of the Spotless Mind. Born into Brothels, about the children of prostitutes in Calcutta, was named best documentary, The Sea Inside was named best foreign language film and Finding Neverland got the accolade for best musical score. Spider-Man 2 triumphed in the visual effects category, Ray won best sound mixing and Lemony Snicket's A Series of Unfortunate Events picked up best make-up. Former British TV presenter Andrea Arnold, who hosted children's shows Motormouth and Number 73 in the 1980s, won best short film for Wasp. Comedian Chris Rock, who hosted the ceremony for the first time, received a standing ovation before getting the show under way.
",entertainment
"Actor Scott is new Bond favourite
 
 Bookmaker William Hill has stopped taking bets on who will be the next James Bond, following a succession of large wagers on actor Dougray Scott.
 
 The firm closed the book on Friday, saying ""insider information"" could have contributed to the number of bets. ""In the past gambles like this have often been right,"" William Hill spokesman Rupert Adams said. The closing list gave Scott odds of 6-9, followed by Oscar nominee Clive Owen at 5-2. Scott first found fame in the TV series Soldier Soldier and has since then starred in such films as Mission Impossible II and the wartime drama Enigma.
 
 Mr Adams said one punter had placed a bet of Â£870 on the 39-year-old actor at odds of 8-1. ""She told us she had some inside information, perhaps she knew he had been to a casting, but she wouldn't say,"" he said. Others thought to be in the running include Star Wars actor Ewan McGregor and Australian star Hugh Jackman, both of whom have odds of 4-1. Colin Farrell, Jude Law and Troy star Eric Bana have also been tipped for the role in the past.
 
 A large number of bets on actor Colin Salmon to become the first black James Bond were dismissed as a publicity stunt a month ago. The next Bond film, originally due for release in 2005, has been delayed until 2006 due to Sony's takeover of the MGM studio. The most recent, Die Another Day, was released in late 2002 and saw Pierce Brosnan make his final appearance as the secret agent. The actor was originally due to make a fifth appearance as Bond, but was released from his contract in 2004.
",entertainment
"Rocker Doherty in on-stage fight
 
 Rock singer Pete Doherty has been involved in a fight with his band's guitarist at their biggest gig to date.
 
 Babyshambles played for 5,000 fans at London's Brixton Academy on Tuesday. The former Libertines singer traded blows with guitarist Patrick Walden. They were separated and bundled off stage before returning to end the set. The show was earlier held up due to audience overcrowding. On Monday Doherty faced blackmail and robbery charges in court, which he denies. He is out on Â£50,000 bail and the judge agreed to extend his 2200 GMT curfew deadline by two hours so he could play the Brixton gig.
 
 Babyshambles, which he formed after his acrimonious departure from the Libertines, played a warm-up show at The Garage, north London, on Monday. On Tuesday, Doherty and his three bandmates were introduced to the crowd by Mick Jones, the former Clash guitarist who produced the Libertines' second album. Babyshambles took the stage to a frenzied reception at 2200 GMT, launching into their last single, Killamangiro, which reached number eight in December. But the group had to stop during the next song to persuade fans not to push forward and allow security guards to pull people out of the crush. Doherty appealed to fans to calm down, saying: ""There's a few people getting hurt down the front, you've got to move back.""
 
 The music resumed minutes later but after several more songs, the singer appeared to accidentally disconnect Walden's guitar, leading the pair to trade kicks and punches. Bouncers stepped in and the band left the stage, but returned after five minutes and finished their 50-minute performance with no further trouble. Doherty, 25, had to be home by midnight to observe the curfew, which is one of the conditions of his bail. On Monday, the judge agreed to allow him to perform on condition that requests for changes to his bail terms were ""not too regular an occurrence"". The singer was arrested with fellow musician Alan Wass on 2 February after an alleged dispute with documentary-maker Max Carlish at a London hotel. They are next due in court on 18 April.
",entertainment
"Ten-year tragedy of missing Manic
 
 Richey Edwards, guitarist and lyricist for The Manic Street Preachers, vanished 10 years ago, on 1 February 1995. His disappearance remains one of the most tragic mysteries in rock music.
 
 For his devoted fans, Richey Edwards was an inspired and inspiring poet, a man who articulated their desperation and despair, who shouted the things most kept hidden. The Manic Street Preachers may only have become stadium-conquering rock giants since his disappearance - but Edwards was the figurehead for their first, dangerous and dazzling incarnation. Edwards did not feature in the original line-up of the band, though. Singer/guitarist James Dean Bradfield, bassist Nicky Wire and drummer Sean Moore were originally accompanied by a rhythm guitarist called Flicker. But Edwards replaced Flicker in time for the band's self-financed debut, Suicide Alley, after designing the record's artwork.
 
 After becoming a full-time member, Edwards became a critical part of the band, writing lyrics and playing guitar - though in many concerts, he was not actually plugged in. But the fiercely intelligent Edwards - who name-checked writers such as Sylvia Plath, George Orwell and Philip Larkin - battled depression, alcohol problems, eating disorders, and self-harm. By the time the band released their third album, The Holy Bible, in October 1994, Edwards had been admitted to hospital with depression. But in his last interview a few months later, seemed to be making plans for the future.
 
 Edwards walks out of the Embassy Hotel in London in the early morning, ahead of the band's US tour to promote The Holy Bible. In the following days, police issue a missing person alert and his parents, Graham and Sherry, plead for their son to let them know he is safe and well.
 
 Police discover Edwards' car in a car park near the Severn Bridge near Bristol - a notorious suicide spot. The discovery leads many to believe he has killed himself. The rest of the band stop touring and recording.
 
 The band play their first concerts since Edwards' disappearance as a trio, performing support slots for The Stone Roses on their UK stadium tour.
 
 The Manic Street Preachers release their first music since Edwards' disappearance. A Design For Life reaches number two in the UK singles chart. The album Everything Must Go follows.
 
 The Manics win best band and best album for Everything Must Go at the Brit Awards.
 
 A fan says she saw Edwards in the hippy resort of Goa, India. Interpol are alerted but do not track him down.
 
 Graham and Sherry Edwards fly to the Spanish island of Fuerteventura six weeks after reports a man fitting their son's description has been seen in a bar called Underground. The report comes to nothing.
 
 Edwards' sister Rachel makes an emotional TV appeal five years after the disappearance. ""I'd just like to say to him if he is able to listen that we do love him very much and we'd like him to come back - me, mum and dad,"" she said.
 
 The band play a concert in the Cuban capital, Havana - the first contemporary western rock band to play there.
 
 On the seventh anniversary of his disappearance, police offer Edwards' parents the opportunity to sign a death certificate. They refuse. The Big Issue magazine, which supports homelessness charities, prints the last known picture of Edwards in a fresh plea for information.
 
 A pair of trainers containing human bones washed up on the banks of the River Severn have no link to Edwards, police say.
 
 The last song written by Edwards - a song called Judge Y'Self, which was to have been used for the Judge Dredd film soundtrack - is released on the B-side compilation Lipstick Traces. A skeleton found by the River Severn is not Edwards, tests reveal.
 
 The Manics' seventh studio album, Lifeblood, features a song dedicated to Edwards called Cardiff Afterlife.
 
 The remaining Manic Street Preachers members continue to pay a quarter of the band's royalties into an account held in his name.
",entertainment
"Alicia Keys to open US Super Bowl
 
 R&B star Alicia Keys is to open February's Super Bowl singing a song only previously performed there by Ray Charles and Vicki Carr.
 
 Keys, who will sing America the Beautiful, will be accompanied by 150 students from the Florida School for the Deaf and the Blind. Charles, who died last year, attended the school as a child in 1937. Keys said she was ""very excited"", describing Charles as ""an artist I admire, miss and respect"". ""I know that this is going to be a very touching and memorable moment,"" she said.
 
 It will be her first performance at the Super Bowl, which will be watched by millions in the US on 6 February. Sir Paul McCartney will provide the half-time entertainment in the slot filled by Janet Jackson last year. Organisers have promised there will be no repeat of her nipple-baring incident that sparked thousands of complaints on US TV's most-watched broadcast. A National Football League spokesman said they were ""comfortable"" this show would be acceptable to a mass audience. The game and show were watched by 144 million people in the US in 2003.
 
 Twenty CBS-owned TV stations were fined $550,000 (Â£300,000) by the country's TV regulatory agency after more than 542,000 complaints were made about Janet Jackson's ""wardrobe malfunction"". Sir Paul said: ""There's nothing bigger than being asked to perform at the Super Bowl. ""We're looking forward to rocking the millions at home and in the stadium.""
",entertainment
"Women in film 'are earning less'
 
 Women in the UK film industry earn less than their male counterparts despite being better qualified, according to a study released on Wednesday.
 
 Only 16% of women earn more than Â£50,000, compared with 30% of men. Women make up a third of the workforce. The research was carried out jointly by the UK Film Council and industry training body Skillset. It also found that women in the industry were less likely than men to be married or have dependant children.
 
 The study, which claims to be the most in-depth so far conducted, found 60% of women in the film industry hold degrees, compared with 39% of men. Whilst 17% of men in the industry had no qualifications, this was true for only five per cent of women. In the lower salary bracket, 35% of women earn less than Â£20,000 a year, compared to only 18% of men. The research found very few women worked in the camera, sound, electrical and construction departments, but they made up a majority of those working in make-up and hairdressing.
 
 UK Film Council chief executive John Woodward said: ""Whilst the UK has benefited hugely from its highly-qualified film production workforce there are still many barriers facing people who want to get in and stay in the industry."" ""Developing the film production workforce must be underpinned with a commitment to diversity as well as training."" The workforce is largely focused around London, with 78% in the industry based in the capital and the south east of England. The industry depends heavily on word of mouth, with 81% being recruited in that way. In total, only five percent of the workforce is made up of ethnic minorities, although in London the figure rises to 24%. The necessity of completing unpaid work experience to get into the workforce has also shot up, from 5% before the 1980s, to 45% after 2000.
",entertainment
"Abba reunite for musical premiere
 
 The original stars of Swedish pop quartet Abba have reunited for the home premiere of hit musical Mamma Mia! which is based on the band's songs.
 
 It is the first time in almost 20 years that the four, Bjorn Ulvaeus, Benny Andersson, Agnetha Faltskog and Anni-Frid Lyngstad, have met publicly. Faltskog has been a virtual recluse since the band split up in 1982. The musical, which has become a global phenomenon, will be performed in Swedish for the first time. Fans camped outside Stockholm's Cirkus theatre in the snow for a glimpse of the stars. The premiere marks Abba's first public reunion since the legendary band's acrimonious break-up in the early 1980s. It was thought that Faltskog would appear in London for the musical's fifth anniversary celebrations in April 2004 but she stayed away due to her fear of flying.
 
 Original Abba member Bjorn Ulvaeus set about translating the musical into the band's mother tongue for the celebrated homecoming, alongside Swedish artist Niklas Stromstedt. Almost all of Abba's original songs, which have sold more than 350 million records worldwide, were written and recorded in English. The musical, set on a small Greek island, tells of the story of a young woman and her fiercely independent single mother. The show will include such classics as Super Trouper, SOS and Dancing Queen. There are currently 14 productions being staged worldwide, including New York and London, with road shows in Toronto, South Korea and Madrid. More than 20 million people around the world have seen the show.
",entertainment
"Branson show flops on US screens
 
 Entrepreneur Sir Richard Branson's US TV show, The Rebel Billionaire, is proving a flop in the ratings.
 
 The programme suffered poor viewing figures on its debut on the Fox network three weeks ago, and has lost one in five of its viewers since then. The show is seen as Fox's answer to The Apprentice featuring tycoon Donald Trump, a ratings hit for rivals NBC. Sir Richard's show sees a group of young entrepreneurs compete to become the president of his business empire. The Rebel Billionaire has averaged five million viewers and is 91st in the rankings of all prime-time shows. The Apprentice, which has already completed its first season, is still managing to pull in 16 million viewers, while its prime-time ranking is number four.
 
 But Fox has said it plans to stick with Branson's show throughout its 12-episode run. ""It's going to remain on the air,"" said the network's spokesman Scott Grogin. ""Creatively we're extremely pleased with the show and hope the audience will find it,"" he added. Contestants on Sir Richard's show are confronted with business tasks to solve, similar to The Apprentice. They are also subjected to stunts like walking a plank suspended in mid-air. The Rebel Billionaire has marketed itself as a less materialistic version of The Apprentice, with Sir Richard shown jumping out of a taxi, while Trump is seen in a limousine.
",entertainment
"Triple triumph for Little Britain
 
 Top TV cult hit Little Britain has triumphed over The Office at the 15th annual British Comedy Awards.
 
 The BBC show beat The Office Christmas Special in the best TV comedy category and took the people's choice award. Matt Lucas and David Walliams also jointly won best TV comedy actor over The Office creator Ricky Gervais, who won a special award for writing. It was also a good night for Ant and Dec who clinched two awards, including best comedy entertainment personality. The Geordie duo also secured best comedy entertainment programme for Saturday Night Takeaway, beating I'm A Celebrity... Get Me Out Of Here!, which they also host, and the BBC's Have I Got News For You.
 
 The ceremony was presented by Jonathan Ross from ITV's London Studios headquarters on the capital's South Bank. Little Britain began life as a radio series on Radio 4, with Walliams and Lucas playing a range of misfit characters from an alternative Britain. It was later commissioned for BBC Three, where it proved a huge success, with the second series also shown on BBC One. After receiving his award for best TV comedy actor with Walliams, Lucas said: ""It's a great honour to be nominated alongside Ricky Gervais and Martin Clunes.""
 
 The show also won the people's choice award, which is the only gong on the night voted for by viewers. Speaking after receiving the award for best comedy, Walliams said: ""It was a real shock but I don't think we deserved to beat The Office which is a great show and more than just a comedy. It's a beautiful piece of work."" Gervais and The Office co-writer Stephen Merchant received a special award for writing, presented by Noel Gallagher and Tom Stoppard. Gervais said: ""The show has won an awful lot of awards in the last couple of years, too much. It's got embarrassing to be honest."" Other winners at the awards included Caroline Quentin, who took home best TV comedy actress for Life Begins and Von Trapped.
 
 Catherine Tate, from The Catherine Tate Show, was also nominated for the same award, but she did walk away with best comedy newcomer, over James McAvoy from Shameless (Channel 4) and Julian Barratt and Noel Fielding from The Mighty Boosh (BBC Three). Nighty Night was named Britain's best new TV comedy over ITV1 shows Doc Martin and Life Begins. But Doc Martin won best TV comedy drama, over Jonathan Creek (BBC One) and Shameless. Winner in the best international comedy category was The Simpsons, beating Sex and the City and Curb Your Enthusiasm. The prize was accepted by Matt Groening, creator of The Simpsons, who also received an outstanding contribution award from scientist Stephen Hawking, who has been featured in the series. School of Rock was voted best comedy film beating Shaun of the Dead and Shrek 2.
 
 Matt Lucas & David Walliams (Little Britain, BBC Three)
 
 Caroline Quentin (Life Begins/ Von Trapped, ITV1)
 
 Ant & Dec (Ant & Dec's Saturday Night Takeaway/ I'm A Celebrity, Get Me Out Of Here!, ITV1)
 
 Catherine Tate (The Catherine Tate Show, BBC Two)
 
 Nighty Night (Baby Cow Productions, BBC Three)
 
 Little Britain (BBC Three)
 
 Doc Martin (Buffalo Productions, ITV1)
 
 Ant & Dec's Saturday Night Takeaway (Granada, ITV1)
 
 The Simpsons (Twentieth Century Fox, BBC Two/Sky One/Channel 4)
 
 School Of Rock
",entertainment
"Global release for Japan hit film
 
 Oscar-winning animator Hayao Miyazaki's latest film, Howl's Moving Castle, is to be released in 50 countries around the world, its distributor has said.
 
 Howl's Moving Castle set a Japanese box office record last week, taking 1.5bn yen (Â£7.7m) in its first two days. Miyazaki won an Oscar earlier this year for Spirited Away, Japan's first Academy Award for nearly 50 years. Howl's Moving Castle is based on a children's fantasy novel by UK author Diana Wynne Jones. It tells the story of an 18-year-old woman who ages dramatically after falling under a witch's spell. She heads to a moving castle kept by Howl, a wizard, and searches for a way to become normal again. A spokesman for distributor Toho said the film ""has received strong interest from domestic audiences and foreign media and viewers alike"". ""We have a good feeling about this film. We saw very good viewer response,"" he added. The film's worldwide release will start in South Korea on 24 December, and France on 12 January.
",entertainment
"Brit awards for Devon music acts
 
 Devon singer Joss Stone and rock band Muse won coveted Brit awards during the event's 25th anniversary.
 
 Seventeen-year-old Stone, from near Cullumpton, won two awards: best British female act, and best urban act out of three award nominations. Muse, whose members met in south Devon, beat Franz Ferdinand, Jamie Cullum, Kasabian and The Libertines for best British live act. The band has sold about two million records worldwide.
 
 After beating Amy Winehouse, Jamelia, Natasha Bedingfield and PJ Harvey to the best British female prize, Joss Stone said: ""I don't know what to say. I don't like doing this at all. I'd like to thank my family for being really supportive and everybody that made my record with me."" ""I don't even know what to do right now. Thank you all you guys for voting for me, I feel sick right now."" Viewers of digital music TV channel MTV Base voted Stone the winner in the best urban act category. Ms Stone also performed her song Right To Be Wrong, backed by a gospel choir, at the 25th award ceremony at London's Earls Court. Her second album Mind, Body & Soul reached number one in the UK charts last October and went straight into the US charts at number 11.
 
 The teenager also has Grammy nominations in the US, normally dominated by home-grown acts. Born Jocelyn Stoker, the Devon diva started her career in a BBC talent programme, and was then discovered at a New York audition by a US record executive, Steve Greenberg. Indie Rock group Muse consists of Matthew Bellamy, Chris Wolstenholme and Dominic Howard who met in their early teens in Teignmouth, south Devon. Dominic Howard said of winning: ""We love playing live, it's very important for our band. So to win something like this really feels great."" The trio met aged 13 and formed the band Gothic Plague, changing its name to Fixed Penalty, Rocket Baby Dolls and finally Muse. The band released its first self-titled EP in 1998. The third studio album, Absolution, was released in 2003, providing the hit singles Time Is Running Out, Hysteria, and Butterflies And Hurricanes.
",entertainment
"Dance music not dead says Fatboy
 
 DJ Norman Cook - aka Fatboy Slim - has said that dance music is not dead, but has admitted it is currently going through a ""fallow patch"".
 
 The commercial failure of the latest albums by Britain's two biggest dance acts - Fatboy Slim's Palookaville and The Prodigy's Always Outnumbered Never Outgunned - has been coupled with the closure of many ""superclubs,"" and the folding of three dance music magazines. Last month the Brit Awards announced they would no longer be awarding a Best Dance Act prize, with the Brits committee announcing that ""dance music is no longer where it's happening in music."" These developments lead some to suggest that dance was finished as a popular music genre. Cook acknowledged that much change in the dance world in the four years since his last album, Halfway Between The Gutter And The Stars, but he stressed this did not mean the dance scene was permanently over. ""Every week when I was making the album, I was reading articles about the demise of dance music - and obviously that affects you somewhat,"" he told BBC World Service's The Ticket programme. ""I personally don't believe it's either dead or going to die, but it's going through a bit of a fallow patch. ""So I think, consciously or subconsciously, reading every week that dance music was dead I would think 'right, scrub that track then'.""
 
 Although his album sales in the UK are down - Palookaville stayed in the UK top 75 for just three weeks - Cook has achieved recent global success with his beach parties. And event on Brighton sea front in 2002 attracted 250,000, people, while a later one in Rio achieved a crowd of 360,000. The DVD of the Rio set was the biggest seller of that year.
 
 ""With a crowd that big, if the weather's nice, the atmosphere before I even go is so good that about halfway through the first record I think 'I've got them',"" Cook said. ""I'm always really really nervous before the big ones - they had to give me Valium before Rio, because two hours before I was literally just pacing the floor. ""For some reason, especially now I've got a reputation for it, the atmosphere and the joie de vivre that's already going on means all I have to do is play 'up' records."" He promised more such parties in more locations around the world - despite problems after the Brighton event, which ended in chaos with many revellers finding themselves stranded as transport ground to a halt. One man also died of a heart attack, and a woman fell to her death during the free party. ""We're having to widen our horizons from just beaches, because there's landlocked countries that want to get involved,"" Cook said. ""We're doing Rio at the carnival, at the Maracana, and Sao Paolo - our new gig is famous football stadiums.""
 
 The DJ admitted, however, that his massive worldwide success had a downside, with intense media interest in his personal life. In particular, he said he had struggled to cope with tabloid intrusion during the temporary break-up of his marriage to Radio One presenter Zoe Ball, after she was linked with DJ Dan Peppe.
 
 ""The tabloid thing has been difficult at times,"" Cook said. ""Especially the me-and-Zoe-Gate - it's quite scary."" He said that he had been ""determined"" that what had happened with Ball did not affect the album. ""At first I was doing deliberately jolly tunes so that people wouldn't think I was depressed,"" he explained. ""Then I thought, 'that's not right'."" And he highlighted a bizarre coincidence - that one song written before they split had turned out to have a great deal more meaning than intended. ""I said to Zoe, 'I did this track called My Masochistic Baby Went And Left Me, do you mind if it's on the album?'"" he recalled. ""She said, 'yeah, it's hilarious, because your masochistic baby did leave you'."" Cook also added that he had some ways of coping with the intense paparazzi pressure, which accumulates at the end of the private road he lives on - where Paul McCartney is a neighbour. ""It's almost like prisoners rattling the bars with their mugs,"" Cook explained. ""If there's a pap at the end of the road, everyone knocks on each other's doors - Paul comes round, and we warn him, because we don't know who they're after.""
",entertainment
"Jackson film 'absolute disaster'
 
 A PR expert has told the Michael Jackson child abuse trial that the TV documentary at the heart of the case was an ""absolute disaster"".
 
 Ann Kite told the court in the Californian town of Santa Maria she was hired to ""crisis manage"" the fallout after the programme had aired in 2003. Jurors saw the film, in which the pop star held hands with the alleged victim, on Tuesday. Mr Jackson denies 10 charges of child abuse and false imprisonment. If convicted, he could face up to 21 years in prison.
 
 Ms Kite suggested Jackson's associates had been intent on launching a smear campaign against the accuser's family after the airing of Martin Bashir's film Living with Michael Jackson. She told the court that in the aftermath of the broadcast, a Jackson lawyer had told her the boy's mother would be made to look like a ""crack whore"". Jackson's defence questioned Ms Kite's credibility, pointing that she worked for the singer's team for less than a week before being fired, and had never met or spoken to the star.
 
 Ms Kite said she received a phone call on 13 February 2003 from a Jackson associate, Marc Schaffel, who said the boy and his family had left the Neverland ranch where they had been staying.
 
 Ms Kite told the court she had later asked Jackson's lawyer, David LeGrand, what had happened. ""I said, `Don't make me believe that these people were hunted down like dogs and brought back to the ranch',"" she said. Ms Kite began to work for Mr Jackson in February 2003, after the controversial film was televised in the US and Europe. The documentary sparked a media storm and the subsequent investigation into Mr Jackson's relationship with the boy. In the film, the singer said he did not see anything wrong with sharing a bed with a child.
 
 Questioned by the prosecution, Ms Kite said her plan had been to move media coverage of the star away from a focus on his human frailties to concentrate more on his musical genius. Ms Kite said that an additional problem was the release of documents relating to a previous allegation of child abuse against Mr Jackson. The Smoking Gun website publication was ""beyond disaster"", Ms Kite said. Correspondents say the reference is important because it was unclear whether the prosecution would be able to bring up the previous case in front of the jury.
 
 The judge is studying whether the prosecution's first witness, reporter Martin Bashir, is in contempt of court. The defence protested after Mr Bashir, who interviewed Jackson for the TV documentary, refused to answer nearly all their questions, citing a California ""shield"" law intended to allow journalists to protect their sources. In the prosecution's opening statement on Monday, Tom Sneddon told the court that Mr Jackson had shown the boy porn and plied him with wine, in order to molest him. He said the singer had visited sexually explicit websites and showed the boy - who was 13 at the time - and his younger brother pornography at his ranch.
",entertainment
"Da Vinci film to star Tom Hanks
 
 Actor Tom Hanks and director Ron Howard are reuniting for The Da Vinci Code, an adaptation of the international best-selling novel by Dan Brown.
 
 Distributor Sony Pictures said production will begin next year, with a planned release in May 2006. Hanks will play Robert Langdon, who is trying to solve the murder of a member of an ancient society that has protected dark secrets for centuries. It will be Hanks' third collaboration with Howard. They previously worked together, along with Howard's producing partner Brian Grazer, on Splash and Apollo 13.
 
 Hanks is one of Hollywood's most bankable stars, with his presence in a movie almost guaranteeing box office success. Brown's book has become a publishing phenomenon, consistently topping book charts in the UK and US. It has sold more than eight million copies worldwide in little over two years. It is a classic whodunit, which centres on a global conspiracy surrounding the Holy Grail mythology and places heavy emphasis on symbols and cryptography. Its protagonist is a Harvard professor likened to a contemporary Indiana Jones, who also appeared in Brown's first book Angels and Demons. The tale mixes art history with mythology, semiotics with medieval history.
",entertainment
"U2 to play at Grammy awards show
 
 Irish rock band U2 are to play live at the Grammy Awards presentation in the US next month, organisers have said.
 
 Other acts to play include soul singer Alicia Keys, country singer Tim McGraw and punk band Green Day at the event on 13 February in Los Angeles. U2 are nominated twice for their recent single Vertigo, including a nomination for best rock song. This year the Grammys have been dominated by rap star Kanye West, who is in contention for 10 awards. US comedian Ellen Degeneres and singer Christine Milian will present awards at the event. Last week Grammy producers announced the show will be hosted by rap star and Chicago actress Queen Latifah. It will be held at the Staples Center. U2 had number one success in the album charts on both sides of the Atlantic in November when their latest studio album, How to Dismantle an Atomic Bomb, topped the US and UK charts. The band, who are also dominated for best international album at this year's Brit Awards, are to undertake a major world tour this year, their first for four years.
",entertainment
"Court halts Mark Morrison album
 
 Premiership footballer and record company boss Kevin Campbell has gained a court injunction stopping R&B singer Mark Morrison from releasing an album.
 
 The Everton striker signed Morrison to his fledging 2 Wikid Records label and claims he spent thousands of pounds producing his album Innocent Man. Now he is attempting to prevent Morrison releasing the album on Monday through another label. But Morrison vowed to ignore the order, saying ""no judge is gonna stop me"".
 
 Morrison, who is now as well known for his brushes with the law than his music career, rose to fame with the 1996 single Return of the Mack.
 
 But the Leicester singer has struggled to repeat its success following two spells in jail. One was for hiring a stand-in to complete his community service for possession of a stun gun and three-months following a nightclub fracas. He signed to Mr Campbell's label a year ago and has released one single, with the label saying the album was due for release on 24 January. But Mr Campbell said he learned that Morrison planned to release the album through Jet Star, which is advertising it on its website. Mr Campbell said: ""I'm glad we were granted the injunction but I'm completely gutted that we have had to go that far. ""Mark Morrison was given everything he asked for by 2 Wikid but it seems that he couldn't help but return to his old ways.
 
 ""I've worked hard to realise my ambition in football but had hoped that my future career would be in the music business. ""I have always dreamt of starting a record label but now Mark Morrison has spoilt that dream for me. There is no loyalty in this business - just greed.""
 
 But Morrison is determined the album will be released on Monday. He said: ""The injunction is ludicrous. ""I signed a new deal with a new record company because I was not getting the support I needed from 2 Wikid. ""I was with that label for a year and in that time released just one record, which was not properly promoted. He added: ""The whole world is waiting for this album and it will come out on December 27. No injunction or judge will stop it. The Mack will return."" The case is set to be heard in the High Court on 20 December.
",entertainment
"Bookmakers back Aviator for Oscar
 
 The Aviator has been tipped by UK bookmakers as the favourite to win the best film award at this year's Oscars.
 
 Ray star Jamie Foxx is clear favourite in the best actor category while Million Dollar Baby's Hilary Swank is tipped to win the best actress prize. Bookmakers predict Cate Blanchett will be named best supporting actress. William Hill and Ladbrokes have given The Aviator 4/9 and 8/13 odds of winning best film, with Million Dollar Baby in second place at 9/4.
 
 Bet Direct and Bet 365 also tip The Aviator, with the majority of bookmakers regarding Finding Neverland as the outsider. The Aviator is also widely tipped to win the best director prize for Martin Scorsese. British star Clive Owen is second favourite at William Hill to take the best supporting actor award, for his performance in Closer. The favourite in that category is Sideways star Thomas Hayden Church. Vera Drake star Imelda Staunton has 5/1 odds of winning the best actress Oscar at Bet 365 and William Hill, ahead of fellow UK star Kate Winslet who has odds of 25/1 at William Hill.
 
 Mike Leigh is the outsider in the best director category for Vera Drake, a position he holds jointly with Ray's Taylor Hackford at bookmakers VC Bet. This year's Academy Awards will be handed out in Hollywood on 27 February. X Factor judge Sharon Osbourne will present Sky television's live coverage of the event. Meanwhile, Clive Owen's best supporting actor nomination has led a bookmaker to shorten his odds of becoming the next James Bond. He has moved from 4/1 to 5/2 favourite to play 007, with Hugh Jackman and Ewan McGregor joint second favourite. ""Clive Owen's nomination has sparked a betting frenzy from James Bond fans, who feel that his heightened global recognition will have done his chances of becoming the next Bond a world of good,"" said William Hill spokesman Rupert Adams.
",entertainment
